Order ID,_date,Status,rto,is_cancelled,Category,_sku_prefix,ship-state,ship-city,_pincode_prefix,Amount,_amount_log,_amount_bucket,_has_promotion,_is_b2b,Fulfilment,Qty
405-8078784-5731545,2022-04-30,Cancelled,0,1,Set,SET,MAHARASHTRA,MUMBAI,400,647.62,6.474847021515814,q3,0,0,Merchant,0
171-9198151-1101146,2022-04-30,Shipped - Delivered to Buyer,0,0,kurta,JNE,KARNATAKA,BENGALURU,560,406.0,6.008813185442595,q1,1,0,Merchant,1
404-0687676-7273146,2022-04-30,Shipped,0,0,kurta,JNE,MAHARASHTRA,NAVI MUMBAI,410,329.0,5.799092654460526,q1,1,1,Amazon,1
403-9615377-8133951,2022-04-30,Cancelled,0,1,Western Dress,J,PUDUCHERRY,PUDUCHERRY,605,753.33,6.625829960698376,q4,0,0,Merchant,0
407-1069790-7240320,2022-04-30,Shipped,0,0,Top,JNE,TAMIL NADU,CHENNAI,600,574.0,6.354370040797351,q3,0,0,Amazon,1
404-1490984-4578765,2022-04-30,Shipped,0,0,Set,SET,UTTAR PRADESH,GHAZIABAD,201,824.0,6.715383386334681,q4,1,0,Amazon,1
408-5748499-6859555,2022-04-30,Shipped,0,0,Set,J,CHANDIGARH,CHANDIGARH,160,653.0,6.483107351457199,q3,1,0,Amazon,1
406-7807733-3785945,2022-04-30,Shipped - Delivered to Buyer,0,0,kurta,JNE,TELANGANA,HYDERABAD,500,399.0,5.991464547107982,q1,1,0,Merchant,1
407-5443024-5233168,2022-04-30,Cancelled,0,1,Set,SET,TELANGANA,HYDERABAD,500,,0.0,,1,0,Amazon,0
402-4393761-0311520,2022-04-30,Shipped,0,0,kurta,JNE,TAMIL NADU,Chennai,600,363.0,5.8971538676367405,q1,0,0,Amazon,1
407-5633625-6970741,2022-04-30,Shipped,0,0,kurta,JNE,TAMIL NADU,CHENNAI,600,685.0,6.530877627725885,q3,0,0,Amazon,1
171-4638481-6326716,2022-04-30,Shipped,0,0,kurta,JNE,UTTAR PRADESH,NOIDA,201,364.0,5.8998973535824915,q1,0,0,Amazon,1
405-5513694-8146768,2022-04-30,Shipped - Delivered to Buyer,0,0,kurta,JNE,MAHARASHTRA,Amravati.,444,399.0,5.991464547107982,q1,1,0,Merchant,1
408-7955685-3083534,2022-04-30,Shipped,0,0,Set,SET,MAHARASHTRA,MUMBAI,400,657.0,6.489204931325317,q3,0,0,Amazon,1
408-1298370-1920302,2022-04-30,Shipped - Delivered to Buyer,0,0,Set,J,MAHARASHTRA,MUMBAI,400,771.0,6.648984550024776,q4,1,0,Merchant,1
403-4965581-9520319,2022-04-30,Shipped - Delivered to Buyer,0,0,kurta,PJNE,ANDHRA PRADESH,GUNTAKAL,515,544.0,6.300785794663244,q3,1,0,Merchant,1
406-9379318-6555504,2022-04-30,Shipped,0,0,kurta,JNE,RAJASTHAN,JAIPUR,302,329.0,5.799092654460526,q1,1,0,Amazon,1
405-9013803-8009918,2022-04-30,Shipped,0,0,kurta,JNE,DELHI,NEW DELHI,110,399.0,5.991464547107982,q1,0,0,Amazon,1
402-4030358-5835511,2022-04-30,Shipped - Delivered to Buyer,0,0,kurta,JNE,HARYANA,Gurgaon,122,458.0,6.129050210060545,q2,1,0,Merchant,1
405-5957858-1051546,2022-04-30,Shipped,0,0,Set,SET,KARNATAKA,BENGALURU,560,886.0,6.787844982309579,q5,0,0,Amazon,1
405-0607769-0716360,2022-04-30,Shipped,0,0,kurta,JNE,TAMIL NADU,TIRUCHIRAPPALLI,620,517.0,6.249975242259483,q2,1,0,Amazon,1
404-8494550-5860325,2022-04-30,Shipped,0,0,Set,SET,KARNATAKA,BENGALURU,560,666.0,6.502790045915623,q3,1,0,Amazon,1
171-1305077-2813934,2022-04-30,Shipped,0,0,kurta,JNE,TELANGANA,HYDERABAD,500,376.0,5.932245187448011,q1,0,0,Amazon,1
404-6019946-2909948,2022-04-30,Cancelled,0,1,Set,SET,MAHARASHTRA,pune,411,570.48,6.348229452820346,q3,0,0,Merchant,0
402-3384087-4005164,2022-04-30,Shipped,0,0,kurta,MEN,ASSAM,TEZPUR,784,499.0,6.214608098422191,q2,1,0,Amazon,1
405-8191138-5176316,2022-04-30,Shipped - Delivered to Buyer,0,0,Set,NW,JHARKHAND,RANCHI,834,582.0,6.368187186350492,q3,1,0,Merchant,1
403-9230474-9657916,2022-04-30,Shipped - Delivered to Buyer,0,0,kurta,JNE,CHHATTISGARH,BILASPUR,495,299.0,5.703782474656201,q1,1,0,Merchant,1
408-3484251-6901959,2022-04-30,Shipped,0,0,kurta,PJNE,MAHARASHTRA,PUNE,411,459.0,6.131226489483141,q2,0,0,Amazon,1
405-7755803-4729935,2022-04-30,Shipped,0,0,kurta,JNE,KARNATAKA,BENGALURU,560,399.0,5.991464547107982,q1,1,0,Amazon,1
404-5933402-8801952,2022-04-30,Cancelled,0,1,kurta,JNE,ASSAM,GUWAHATI,781,,0.0,,0,0,Merchant,0
171-9040274-9291563,2022-04-30,Shipped,0,0,Western Dress,J,TAMIL NADU,THIRUVARUR,613,791.0,6.674561391814426,q4,1,0,Amazon,1
403-7056319-0979561,2022-04-30,Shipped,0,0,kurta,MEN,UTTAR PRADESH,LUCKNOW,226,499.0,6.214608098422191,q2,1,0,Amazon,1
404-9632124-1107550,2022-04-30,Shipped - Delivered to Buyer,0,0,Set,J,ANDHRA PRADESH,VISAKHAPATNAM,530,1233.0,7.1180162044653335,q5,1,0,Merchant,1
402-1465437-0579556,2022-04-30,Shipped - Delivered to Buyer,0,0,kurta,JNE,ODISHA,JEYPUR,764,517.0,6.249975242259483,q2,1,0,Merchant,1
404-7774085-3780319,2022-04-30,Shipped,0,0,kurta,JNE,TELANGANA,HYDERABAD,500,376.0,5.932245187448011,q1,0,0,Amazon,1
402-2764952-1492318,2022-04-30,Shipped - Delivered to Buyer,0,0,kurta,MEN,UTTAR PRADESH,LUCKNOW,226,499.0,6.214608098422191,q2,1,0,Merchant,1
406-0272200-7784379,2022-04-30,Shipped,0,0,Set,SET,TAMIL NADU,CHENNAI,600,666.0,6.502790045915623,q3,1,0,Amazon,1
403-4367956-2849158,2022-04-30,Shipped,0,0,kurta,JNE,DELHI,NEW DELHI,110,487.0,6.1903154058531475,q2,1,0,Amazon,1
403-4367956-2849158,2022-04-30,Shipped,0,0,kurta,JNE,DELHI,NEW DELHI,110,368.0,5.910796644040527,q1,1,0,Amazon,1
403-4242957-8599555,2022-04-30,Shipped,0,0,kurta,JNE,KERALA,THIRUVANANTHAPURAM,695,399.0,5.991464547107982,q1,0,0,Amazon,1
408-7165704-5643524,2022-04-30,Shipped,0,0,Ethnic Dress,J,UTTAR PRADESH,GREATER NOIDA,201,699.0,6.551080335043404,q4,1,0,Amazon,1
402-8210765-3935569,2022-04-30,Shipped,0,0,Western Dress,J,MADHYA PRADESH,JABALPUR,482,885.0,6.786716950605081,q5,1,0,Amazon,1
406-7398201-3869914,2022-04-30,Shipped - Delivered to Buyer,0,0,kurta,JNE,MAHARASHTRA,MUMBAI,400,424.0,6.052089168924417,q2,1,0,Merchant,1
408-3478480-0881162,2022-04-30,Shipped,0,0,Set,SET,UTTAR PRADESH,LUCKNOW,226,1126.0,7.027314514039777,q5,1,0,Amazon,1
402-7595162-9129931,2022-04-30,Shipped,0,0,Set,SET,MAHARASHTRA,MUMBAI,400,788.0,6.670766320845874,q4,0,0,Amazon,1
171-6876154-6233146,2022-04-30,Shipped,0,0,Set,SET,WEST BENGAL,KOLKATA,700,759.0,6.633318433280377,q4,1,0,Amazon,1
408-3917043-5314763,2022-04-30,Shipped,0,0,Set,J,ANDHRA PRADESH,ONGOLE,523,1146.0,7.044905117129371,q5,0,0,Amazon,1
408-9281152-6213100,2022-04-30,Shipped,0,0,Top,JNE,TELANGANA,SECUNDERABAD,500,665.0,6.501289670540389,q3,1,0,Amazon,1
403-3496411-3082707,2022-04-30,Shipped,0,0,kurta,JNE,TELANGANA,HYDERABAD,500,429.0,6.063785208687608,q2,1,0,Amazon,1
171-9208368-0157156,2022-04-30,Shipped - Delivered to Buyer,0,0,kurta,JNE,UTTAR PRADESH,KEWALPUR,271,399.0,5.991464547107982,q1,1,0,Merchant,1
408-2137113-0982751,2022-04-30,Shipped,0,0,Set,J,ODISHA,CUTTACK,753,848.0,6.744059186311348,q5,1,0,Amazon,1
402-3628566-9688333,2022-04-30,Shipped,0,0,Set,J,MAHARASHTRA,BADLAPUR,421,654.0,6.484635235635252,q3,1,0,Amazon,1
408-7138000-9728362,2022-04-30,Shipped,0,0,Set,SET,NAGALAND,dimapur,797,1033.0,6.9411900550683745,q5,1,0,Amazon,1
402-1752649-2274748,2022-04-30,Shipped,0,0,kurta,JNE,KARNATAKA,BENGALURU,560,390.0,5.968707559985366,q1,0,0,Amazon,1
402-7944191-1869101,2022-04-30,Shipped,0,0,Top,J,KARNATAKA,BENGALURU,560,493.0,6.202535517187923,q2,1,0,Amazon,1
407-4063876-9566742,2022-04-30,Shipped,0,0,Western Dress,JNE,TELANGANA,WARANGAL,506,721.0,6.582025138892826,q4,1,0,Amazon,1
403-0752752-4656334,2022-04-30,Shipped,0,0,Set,SET,RAJASTHAN,DHAULPUR,328,597.0,6.393590753950631,q3,1,0,Amazon,1
406-8879861-2081117,2022-04-30,Shipped,0,0,kurta,JNE,ASSAM,GUWAHATI,781,399.0,5.991464547107982,q1,0,0,Amazon,1
406-8089333-7941903,2022-04-30,Shipped,0,0,Set,SET,KARNATAKA,Bengaluru,560,888.0,6.790097235513905,q5,1,0,Amazon,1
171-3072652-6805159,2022-04-30,Shipped,0,0,kurta,JNE,TELANGANA,HYDERABAD,500,353.0,5.869296913133774,q1,1,0,Amazon,1
171-2592464-6846743,2022-04-30,Shipped - Delivered to Buyer,0,0,Set,NW,KARNATAKA,BENGALURU,560,599.0,6.396929655216146,q3,1,0,Merchant,1
404-2262140-4696366,2022-04-30,Shipped,0,0,kurta,JNE,MAHARASHTRA,NAGPUR,440,518.0,6.251903883165888,q2,1,0,Amazon,1
404-2262140-4696366,2022-04-30,Shipped,0,0,kurta,JNE,MAHARASHTRA,NAGPUR,440,295.0,5.69035945432406,q1,1,0,Amazon,1
405-3594372-1614709,2022-04-30,Shipped,0,0,Set,SET,UTTAR PRADESH,GREATER NOIDA,201,852.0,6.748759547491679,q5,1,0,Amazon,1
407-2974257-4781134,2022-04-30,Shipped,0,0,Set,SET,MAHARASHTRA,THANE,400,824.0,6.715383386334681,q4,0,0,Amazon,1
171-4137548-0481151,2022-04-30,Cancelled,0,1,kurta,JNE,Gujarat,Dahod,389,,0.0,,0,0,Amazon,0
405-4461562-9113959,2022-04-30,Shipped,0,0,Set,SET,JHARKHAND,RANCHI,834,909.0,6.813444599510896,q5,1,0,Amazon,1
404-4535078-5241919,2022-04-30,Shipped,0,0,Top,JNE,MAHARASHTRA,PUNE,411,432.0,6.07073772800249,q2,1,0,Amazon,1
405-8387725-2971512,2022-04-30,Shipped,0,0,Set,SET,KARNATAKA,BENGALURU,560,545.0,6.302618975744905,q3,1,0,Amazon,1
405-6480932-8759528,2022-04-30,Shipped,0,0,Set,J,KARNATAKA,VIJAPURA,586,1146.0,7.044905117129371,q5,1,0,Amazon,1
405-9966506-3155561,2022-04-30,Shipped - Delivered to Buyer,0,0,kurta,JNE,TAMIL NADU,CHENNAI,600,696.0,6.546785410760524,q4,1,0,Merchant,1
408-7029737-8028367,2022-04-30,Shipped,0,0,kurta,JNE,MAHARASHTRA,MUMBAI,400,432.0,6.07073772800249,q2,0,0,Amazon,1
407-2189901-7515567,2022-04-30,Shipped - Delivered to Buyer,0,0,Set,SET,KARNATAKA,bangalore,560,631.0,6.448889394146858,q3,1,0,Merchant,1
402-2105657-2899562,2022-04-30,Shipped,0,0,kurta,JNE,KARNATAKA,BENGALURU,560,316.0,5.75890177387728,q1,0,0,Amazon,1
406-1326801-8886709,2022-04-30,Shipped - Delivered to Buyer,0,0,kurta,JNE,ODISHA,BERHAMPUR,760,362.0,5.8944028342648505,q1,1,0,Merchant,1
408-7760667-5809130,2022-04-30,Shipped,0,0,kurta,JNE,TELANGANA,HYDERABAD,500,329.0,5.799092654460526,q1,1,0,Amazon,1
405-8457623-9269955,2022-04-30,Shipped,0,0,kurta,JNE,MAHARASHTRA,PUNE,411,399.0,5.991464547107982,q1,0,0,Amazon,1
408-6820155-3521913,2022-04-30,Shipped,0,0,Set,SET,ASSAM,TEZPUR,784,751.0,6.62273632394984,q4,1,0,Amazon,1
403-6190683-2687538,2022-04-30,Shipped,0,0,Western Dress,JNE,Gujarat,HIMMATNAGAR,383,791.0,6.674561391814426,q4,0,0,Amazon,1
408-4069830-3819562,2022-04-30,Shipped,0,0,Set,SET,WEST BENGAL,Kolkata,700,684.0,6.529418838262226,q3,1,0,Amazon,1
408-4069830-3819562,2022-04-30,Shipped,0,0,Set,SET,WEST BENGAL,Kolkata,700,1281.0,7.156176637480615,q5,1,0,Amazon,1
408-4069830-3819562,2022-04-30,Shipped,0,0,Set,SET,WEST BENGAL,Kolkata,700,1186.0,7.079184394609668,q5,1,0,Amazon,1
171-7367545-7081126,2022-04-30,Shipped,0,0,kurta,MEN,TELANGANA,HYDERABAD,502,499.0,6.214608098422191,q2,1,0,Amazon,1
404-6522553-9345930,2022-04-30,Cancelled,0,1,Set,SET,UTTARAKHAND,DEHRADUN,248,1105.36,7.008830613166844,q5,0,0,Merchant,0
403-9950518-0349133,2022-04-30,Cancelled,0,1,kurta,JNE,TELANGANA,HYDERABAD,500,,0.0,,0,0,Amazon,0
407-6599093-6553153,2022-04-30,Shipped - Delivered to Buyer,0,0,Bottom,BTM,WEST BENGAL,KOLKATA,700,377.0,5.934894195619588,q1,1,0,Merchant,1
403-3763475-2237125,2022-04-30,Shipped,0,0,Western Dress,J,TAMIL NADU,DHARMAPURI,636,744.0,6.61338421837956,q4,1,0,Amazon,1
405-1492294-0323520,2022-04-30,Shipped,0,0,Western Dress,J,UTTARAKHAND,DEHRADUN,248,744.0,6.61338421837956,q4,1,0,Amazon,1
403-1162895-2484367,2022-04-30,Shipped - Delivered to Buyer,0,0,Western Dress,J,RAJASTHAN,JAIPUR,303,859.0,6.756932389247553,q5,1,0,Merchant,1
171-6833843-5473114,2022-04-30,Shipped,0,0,kurta,JNE,Gujarat,VADODARA,390,487.0,6.1903154058531475,q2,0,0,Amazon,1
403-1477057-8253913,2022-04-30,Shipped,0,0,Western Dress,J,KERALA,CHAVAKKAD,680,825.0,6.716594773520978,q4,1,0,Amazon,1
408-2114413-6089906,2022-04-30,Shipped,0,0,Set,SET,BIHAR,PATNA,800,680.0,6.523562306149512,q3,1,0,Amazon,1
405-1879750-2639521,2022-04-30,Shipped - Delivered to Buyer,0,0,kurta,JNE,TAMIL NADU,CHENNAI,600,725.0,6.587550014824796,q4,1,0,Merchant,1
406-5727754-5302723,2022-04-30,Shipped,0,0,Set,SET,Gujarat,VADODARA,390,696.0,6.546785410760524,q4,1,0,Amazon,1
405-0901744-8270705,2022-04-30,Shipped,0,0,kurta,MEN,Gujarat,VADODARA,390,499.0,6.214608098422191,q2,1,0,Amazon,1
405-9112089-3379536,2022-04-30,Cancelled,0,1,kurta,JNE,MAHARASHTRA,PUNE,411,,0.0,,0,0,Amazon,0
408-6357132-2310703,2022-04-30,Shipped,0,0,Set,J,JAMMU & KASHMIR,Jammu,180,696.0,6.546785410760524,q4,1,0,Amazon,1
406-5334922-9670748,2022-04-30,Shipped,0,0,kurta,JNE,KARNATAKA,bangalore,560,406.0,6.008813185442595,q1,0,0,Amazon,1
402-8519791-3706738,2022-04-30,Shipped,0,0,Set,SET,DELHI,NEW DELHI,110,852.0,6.748759547491679,q5,1,0,Amazon,1
408-1830318-0357940,2022-04-30,Shipped,0,0,kurta,JNE,HARYANA,NARNAUND,125,399.0,5.991464547107982,q1,0,0,Amazon,1
406-5103760-7326749,2022-04-30,Shipped,0,0,kurta,JNE,Gujarat,Ahmedabad,380,432.0,6.07073772800249,q2,0,0,Amazon,1
402-7841951-1872363,2022-04-30,Cancelled,0,1,Set,SET,DELHI,NEW DELHI,110,,0.0,,0,0,Amazon,0
408-7698765-2294756,2022-04-30,Shipped - Delivered to Buyer,0,0,Set,SET,MAHARASHTRA,AMBARNATH,421,1338.0,7.199678345691172,q5,1,0,Merchant,1
404-1856281-9996319,2022-04-30,Shipped - Delivered to Buyer,0,0,Western Dress,J,MADHYA PRADESH,GWALIOR,474,472.0,6.159095388491933,q2,1,0,Merchant,1
406-5406738-7113145,2022-04-30,Shipped,0,0,Set,SET,DELHI,NEW DELHI,110,788.0,6.670766320845874,q4,1,0,Amazon,1
405-5257740-5301158,2022-04-30,Shipped - Delivered to Buyer,0,0,Set,SET,HARYANA,ROHTAK,124,832.0,6.725033642166843,q4,1,0,Merchant,1
405-5257740-5301158,2022-04-30,Shipped - Delivered to Buyer,0,0,kurta,JNE,HARYANA,ROHTAK,124,399.0,5.991464547107982,q1,1,0,Merchant,1
405-2072502-4089911,2022-04-30,Shipped,0,0,Set,SET,HARYANA,ROHTAK,124,599.0,6.396929655216146,q3,1,0,Amazon,1
405-0882561-5952340,2022-04-30,Shipped,0,0,Set,SET,WEST BENGAL,Kolkata,700,692.0,6.541029999189903,q4,0,0,Amazon,1
403-7266170-1163500,2022-04-30,Shipped - Delivered to Buyer,0,0,Top,JNE,MAHARASHTRA,MUMBAI,400,518.0,6.251903883165888,q2,1,0,Merchant,1
405-8114272-1687512,2022-04-30,Shipped,0,0,Set,SET,DELHI,NEW DELHI,110,788.0,6.670766320845874,q4,0,0,Amazon,1
171-6138639-1478731,2022-04-30,Shipped,0,0,kurta,JNE,TELANGANA,HYDERABAD,500,318.0,5.765191102784844,q1,1,0,Amazon,1
405-4059216-4541150,2022-04-30,Shipped,0,0,Set,SET,TELANGANA,HYDERABAD,500,597.0,6.393590753950631,q3,1,0,Amazon,1
405-1152015-7333945,2022-04-30,Shipped,0,0,Set,SET,BIHAR,PATNA,800,888.0,6.790097235513905,q5,1,0,Amazon,1
406-0177436-6731556,2022-04-30,Shipped,0,0,kurta,JNE,TELANGANA,RAMAGUNDAM,505,406.0,6.008813185442595,q1,0,0,Amazon,1
406-0715107-8168308,2022-04-30,Shipped,0,0,Set,SET,UTTARAKHAND,PITHORAGARH,262,1186.0,7.079184394609668,q5,1,0,Amazon,1
403-0104882-7373900,2022-04-30,Cancelled,0,1,Western Dress,JNE,Gujarat,HIMMATNAGAR,383,791.0,6.674561391814426,q4,0,0,Amazon,1
403-0104882-7373900,2022-04-30,Cancelled,0,1,Western Dress,J,Gujarat,HIMMATNAGAR,383,807.0,6.694562058521095,q4,0,0,Amazon,1
403-0104882-7373900,2022-04-30,Cancelled,0,1,Western Dress,J,Gujarat,HIMMATNAGAR,383,807.0,6.694562058521095,q4,0,0,Amazon,1
405-3002282-6797102,2022-04-30,Shipped,0,0,kurta,JNE,WEST BENGAL,KOLKATA,700,311.0,5.7430031878094825,q1,0,0,Amazon,1
407-8466904-3461908,2022-04-30,Shipped,0,0,Top,JNE,MAHARASHTRA,MUMBAI,400,387.0,5.961005339623274,q1,1,0,Amazon,1
171-3305587-5364338,2022-04-30,Shipped,0,0,kurta,JNE,TELANGANA,HYDERABAD,500,348.0,5.855071922202427,q1,0,0,Amazon,1
406-8961316-8137943,2022-04-30,Shipped - Delivered to Buyer,0,0,Set,SET,ASSAM,"GUWAHATI, KAMRUP (M)",781,597.0,6.393590753950631,q3,1,0,Merchant,1
406-8961316-8137943,2022-04-30,Shipped - Delivered to Buyer,0,0,Set,SET,ASSAM,"GUWAHATI, KAMRUP (M)",781,549.0,6.309918278226516,q3,1,0,Merchant,1
171-2813040-8296320,2022-04-30,Shipped,0,0,Set,SET,KARNATAKA,KOLAR,563,635.0,6.455198563340122,q3,1,0,Amazon,1
408-9845791-1393151,2022-04-30,Shipped,0,0,Set,SET,PUNJAB,PATIALA,147,597.0,6.393590753950631,q3,1,0,Amazon,1
402-4277204-2348328,2022-04-30,Shipped,0,0,Set,SET,MADHYA PRADESH,REWA,486,790.0,6.673297967767654,q4,1,0,Amazon,1
171-3049339-2085136,2022-04-30,Shipped,0,0,kurta,JNE,ASSAM,BONGAIGAON,783,375.0,5.929589143389895,q1,0,0,Amazon,1
405-9928526-2470747,2022-04-30,Shipped,0,0,Set,SET,TELANGANA,HYDERABAD,500,1115.0,7.017506142941256,q5,0,0,Amazon,1
405-4908072-0260360,2022-04-30,Shipped - Delivered to Buyer,0,0,kurta,MEN,KARNATAKA,BENGALURU,560,579.0,6.363028103540465,q3,1,0,Merchant,1
406-3984186-5973150,2022-04-30,Shipped,0,0,Set,SET,TAMIL NADU,Chengalpattu,603,788.0,6.670766320845874,q4,1,0,Amazon,1
171-8635309-7508346,2022-04-30,Shipped,0,0,Set,SET,TAMIL NADU,PERAMBALUR,621,597.0,6.393590753950631,q3,1,0,Amazon,1
171-0293372-4913973,2022-04-30,Cancelled,0,1,Set,SET,KARNATAKA,KOLAR,563,,0.0,,0,0,Amazon,0
402-8288606-4313118,2022-04-30,Shipped,0,0,kurta,JNE,HIMACHAL PRADESH,BILASPUR,174,517.0,6.249975242259483,q2,1,0,Amazon,1
402-8746990-6412346,2022-04-30,Shipped,0,0,kurta,JNE,TAMIL NADU,CHENNAI,600,442.0,6.093569770045136,q2,0,0,Amazon,1
402-0294212-5431551,2022-04-30,Shipped,0,0,kurta,JNE,UTTAR PRADESH,VARANASI,221,399.0,5.991464547107982,q1,0,0,Amazon,1
406-1530134-2105912,2022-04-30,Shipped,0,0,kurta,JNE,KARNATAKA,BENGALURU,560,518.0,6.251903883165888,q2,0,0,Amazon,1
403-5222550-4437140,2022-04-30,Shipped,0,0,kurta,JNE,TAMIL NADU,COIMBATORE,641,348.0,5.855071922202427,q1,1,0,Amazon,1
408-1482435-5202714,2022-04-30,Shipped - Delivered to Buyer,0,0,Set,SET,CHHATTISGARH,CHIRMIRI,497,788.0,6.670766320845874,q4,1,0,Merchant,1
403-6442534-2769112,2022-04-30,Cancelled,0,1,Top,J,UTTAR PRADESH,AZAMGARH,276,,0.0,,0,0,Amazon,0
408-3113070-0750756,2022-04-30,Shipped,0,0,Set,SET,MAHARASHTRA,KALYAN,421,597.0,6.393590753950631,q3,0,0,Amazon,1
404-7796841-1880317,2022-04-30,Shipped,0,0,kurta,JNE,DELHI,NEW DELHI,110,696.0,6.546785410760524,q4,0,0,Amazon,1
405-2142542-0941949,2022-04-30,Shipped,0,0,kurta,JNE,TELANGANA,HYDERABAD,502,363.0,5.8971538676367405,q1,1,0,Amazon,1
405-0286717-7761132,2022-04-30,Shipped,0,0,kurta,JNE,TELANGANA,HYDERABAD,502,299.0,5.703782474656201,q1,0,0,Amazon,1
406-9021273-9221106,2022-04-30,Shipped,0,0,Western Dress,JNE,ASSAM,GUWAHATI,781,690.0,6.53813982376767,q3,1,0,Amazon,1
404-5381335-4577925,2022-04-30,Shipped,0,0,Top,J,KARNATAKA,MYSORE,570,574.0,6.354370040797351,q3,1,0,Amazon,1
171-0131752-2560336,2022-04-30,Shipped - Delivered to Buyer,0,0,Set,SET,UTTAR PRADESH,BARABANKI,225,1399.0,7.24422751560335,q5,1,0,Merchant,1
407-4235449-1353916,2022-04-30,Shipped - Delivered to Buyer,0,0,Set,J,UTTAR PRADESH,AMILA,275,999.0,6.907755278982137,q5,1,0,Merchant,1
171-8061614-5688327,2022-04-30,Shipped,0,0,Set,J,ANDHRA PRADESH,VIJAYAWADA,520,999.0,6.907755278982137,q5,1,0,Amazon,1
407-8248783-4261958,2022-04-30,Shipped,0,0,kurta,JNE,CHHATTISGARH,RAWAN AMBUJA CEMENT PLANT,493,487.0,6.1903154058531475,q2,1,0,Amazon,1
404-6513062-3876305,2022-04-30,Shipped - Delivered to Buyer,0,0,kurta,JNE,TAMIL NADU,TIRUCHIRAPPALLI,620,376.0,5.932245187448011,q1,1,0,Merchant,1
406-7779874-9136347,2022-04-30,Shipped,0,0,Set,SET,UTTARAKHAND,HERBERTPUR,248,1115.0,7.017506142941256,q5,1,0,Amazon,1
406-9638549-1733961,2022-04-30,Shipped,0,0,Set,NW,KARNATAKA,BENGALURU,560,517.0,6.249975242259483,q2,0,0,Amazon,1
407-8801185-0134713,2022-04-30,Shipped,0,0,Set,SET,KARNATAKA,bangalore,560,1126.0,7.027314514039777,q5,1,0,Amazon,1
171-3625443-6505905,2022-04-30,Shipped,0,0,Western Dress,JNE,KERALA,KALAMASSERY,682,725.0,6.587550014824796,q4,1,0,Amazon,1
402-8078642-8565124,2022-04-30,Cancelled,0,1,kurta,JNE,ODISHA,Puri-2,752,,0.0,,0,0,Amazon,0
402-2820441-9623566,2022-04-30,Shipped,0,0,Western Dress,JNE,ODISHA,TIKABALI,762,721.0,6.582025138892826,q4,1,0,Amazon,1
171-4312987-5366767,2022-04-30,Shipped,0,0,Set,SET,BIHAR,BIHARSHARIF,803,666.0,6.502790045915623,q3,1,0,Amazon,1
403-5189998-9343503,2022-04-30,Shipped,0,0,Set,NW,TELANGANA,HYDERABAD,500,496.0,6.208590026096629,q2,0,0,Amazon,1
407-9863928-5979501,2022-04-30,Shipped - Delivered to Buyer,0,0,kurta,JNE,KERALA,PARAVUR,683,353.0,5.869296913133774,q1,1,0,Merchant,1
171-4644162-9093116,2022-04-30,Shipped - Delivered to Buyer,0,0,kurta,JNE,UTTAR PRADESH,BASTI,272,399.0,5.991464547107982,q1,1,0,Merchant,1
406-0974406-3179521,2022-04-30,Shipped,0,0,kurta,PJNE,TAMIL NADU,WALAJAPET,632,458.0,6.129050210060545,q2,0,0,Amazon,1
402-0048138-1845122,2022-04-30,Shipped,0,0,Set,SET,NAGALAND,Dimapur,797,1115.0,7.017506142941256,q5,1,0,Amazon,1
407-6283946-7749133,2022-04-30,Shipped,0,0,Ethnic Dress,J,KARNATAKA,Bengaluru,560,845.0,6.740519359606223,q5,1,0,Amazon,1
407-0542879-1795554,2022-04-30,Shipped - Delivered to Buyer,0,0,kurta,JNE,HARYANA,Mahendragarh,123,399.0,5.991464547107982,q1,1,0,Merchant,1
406-0218328-1773963,2022-04-30,Cancelled,0,1,kurta,PJNE,TAMIL NADU,WALAJAPET,632,,0.0,,1,0,Amazon,0
407-3742007-3242711,2022-04-30,Shipped,0,0,kurta,JNE,TELANGANA,HYDERABAD,500,517.0,6.249975242259483,q2,0,0,Amazon,1
407-3742007-3242711,2022-04-30,Shipped,0,0,kurta,JNE,TELANGANA,HYDERABAD,500,517.0,6.249975242259483,q2,0,0,Amazon,1
405-3067317-3360344,2022-04-30,Shipped,0,0,kurta,J,UTTAR PRADESH,GREATER NOIDA,201,599.0,6.396929655216146,q3,0,0,Amazon,1
406-5648244-8317954,2022-04-30,Shipped,0,0,Top,J,DELHI,New Delhi,110,487.0,6.1903154058531475,q2,0,0,Amazon,1
171-3460653-0171519,2022-04-30,Shipped,0,0,Top,J,HARYANA,GURUGRAM,122,487.0,6.1903154058531475,q2,1,0,Amazon,1
404-5337874-2284337,2022-04-30,Shipped,0,0,Set,SET,KARNATAKA,BENGALURU,560,568.0,6.343880434126331,q3,1,0,Amazon,1
405-2660443-4165145,2022-04-30,Shipped - Delivered to Buyer,0,0,kurta,JNE,KARNATAKA,BENGALURU,560,399.0,5.991464547107982,q1,1,0,Merchant,1
402-3329522-2367566,2022-04-30,Shipped,0,0,kurta,JNE,MAHARASHTRA,MUMBAI,400,295.0,5.69035945432406,q1,1,0,Amazon,1
406-3078054-1755513,2022-04-30,Shipped,0,0,kurta,MEN,UTTAR PRADESH,BIJNOR,246,484.0,6.184148890937483,q2,0,0,Amazon,1
171-4647176-6456305,2022-04-30,Shipped,0,0,Set,SET,MAHARASHTRA,MUMBAI,400,626.0,6.440946540632921,q3,0,0,Amazon,1
408-5011528-8276347,2022-04-30,Shipped,0,0,Set,SET,UTTAR PRADESH,ALLAHABAD,211,563.0,6.335054251498059,q3,1,0,Amazon,1
407-4097885-3129958,2022-04-30,Shipped - Delivered to Buyer,0,0,Top,JNE,MAHARASHTRA,VASAI VIRAR,401,387.0,5.961005339623274,q1,1,0,Merchant,1
171-1224053-5752314,2022-04-30,Cancelled,0,1,Top,J,KARNATAKA,BENGALURU,560,463.81,6.141628714683732,q2,0,0,Merchant,0
406-2849582-6531553,2022-04-30,Shipped,0,0,Top,J,UTTAR PRADESH,BIJNOR,246,512.0,6.240275845170769,q2,1,0,Amazon,1
407-5875767-6399551,2022-04-30,Shipped,0,0,Set,J,TELANGANA,HYDERABAD,500,1112.0,7.014814351275545,q5,0,0,Amazon,1
171-6336729-6763536,2022-04-30,Cancelled,0,1,Set,SET,KARNATAKA,BENGALURU,560,626.0,6.440946540632921,q3,0,0,Amazon,1
404-3907920-5281963,2022-04-30,Shipped,0,0,kurta,JNE,TELANGANA,HYDERABAD,500,376.0,5.932245187448011,q1,1,0,Amazon,1
408-7310428-6047538,2022-04-30,Shipped,0,0,Western Dress,J,KARNATAKA,BENGALURU,560,859.0,6.756932389247553,q5,1,0,Amazon,1
403-2608092-6065935,2022-04-30,Shipped,0,0,Set,SET,KARNATAKA,MANGALURU,575,597.0,6.393590753950631,q3,1,0,Amazon,1
404-9760385-9109154,2022-04-30,Shipped,0,0,kurta,JNE,TELANGANA,HYDERABAD,500,329.0,5.799092654460526,q1,0,0,Amazon,1
405-0732969-3941948,2022-04-30,Shipped - Delivered to Buyer,0,0,Set,J,WEST BENGAL,NEW TOWN,700,583.0,6.369900982828227,q3,1,0,Merchant,1
402-2720308-2560327,2022-04-30,Shipped,0,0,Western Dress,J,MAHARASHTRA,MUMBAI,400,665.0,6.501289670540389,q3,0,0,Amazon,1
402-0589123-6183541,2022-04-30,Shipped,0,0,Set,NW,MAHARASHTRA,MUMBAI,400,582.0,6.368187186350492,q3,0,0,Amazon,1
408-3874942-9917143,2022-04-30,Shipped,0,0,Set,SET,UTTAR PRADESH,SAMBHAL,244,1126.0,7.027314514039777,q5,1,0,Amazon,1
402-1706149-0949104,2022-04-30,Shipped,0,0,kurta,PJNE,MAHARASHTRA,NAGPUR,441,534.0,6.282266746896006,q3,1,0,Amazon,1
407-1672316-3245939,2022-04-30,Shipped,0,0,kurta,JNE,TAMIL NADU,ELAVANASURKOTTAI,607,319.0,5.768320995793772,q1,1,0,Amazon,1
405-1832646-7988329,2022-04-30,Shipped,0,0,kurta,JNE,MAHARASHTRA,SANGLI MIRAJ KUPWAD,416,368.0,5.910796644040527,q1,0,0,Amazon,1
408-9692204-9817146,2022-04-30,Cancelled,0,1,Set,SET,MAHARASHTRA,KALYAN,421,597.0,6.393590753950631,q3,0,0,Amazon,1
402-9339129-6219537,2022-04-30,Cancelled,0,1,Set,J,KARNATAKA,MYSURU,570,654.0,6.484635235635252,q3,0,0,Amazon,1
405-3036350-8089120,2022-04-30,Shipped,0,0,kurta,J,Gujarat,ANKLESHWR,393,795.0,6.679599185844383,q4,1,0,Amazon,1
404-6680046-0839536,2022-04-30,Shipped - Delivered to Buyer,0,0,Western Dress,J,TAMIL NADU,Chennai,600,744.0,6.61338421837956,q4,1,0,Merchant,1
406-2966654-4672325,2022-04-30,Shipped,0,0,kurta,PJNE,UTTAR PRADESH,Greater Noida West,201,692.0,6.541029999189903,q4,0,0,Amazon,1
403-4845285-4565113,2022-04-30,Shipped,0,0,Top,J,JAMMU & KASHMIR,JAMMU,180,563.0,6.335054251498059,q3,1,0,Amazon,1
171-4496851-5319548,2022-04-30,Shipped,0,0,Top,JNE,KARNATAKA,BENGALURU,560,545.0,6.302618975744905,q3,0,0,Amazon,1
408-3416118-1167564,2022-04-30,Shipped,0,0,Set,J,ARUNACHAL PRADESH,ITANAGAR,791,999.0,6.907755278982137,q5,1,0,Amazon,1
406-1590113-9193914,2022-04-30,Shipped,0,0,Set,J,WEST BENGAL,KOLKATA,700,654.0,6.484635235635252,q3,1,0,Amazon,1
404-0363929-8015528,2022-04-30,Shipped,0,0,Top,J,MAHARASHTRA,KARANJA,444,588.0,6.3784261836515865,q3,1,0,Amazon,1
407-7173744-5333154,2022-04-30,Shipped - Delivered to Buyer,0,0,kurta,JNE,DELHI,NEW DELHI,110,497.0,6.210600077024653,q2,1,0,Merchant,1
405-6880044-2861120,2022-04-30,Shipped,0,0,kurta,JNE,RAJASTHAN,NIMBAHERA,312,517.0,6.249975242259483,q2,1,0,Amazon,1
403-4337144-0984323,2022-04-30,Cancelled,0,1,Top,J,JAMMU & KASHMIR,JAMMU,180,,0.0,,0,0,Amazon,0
171-1851948-5476361,2022-04-30,Shipped,0,0,Set,SET,MANIPUR,Imphal East,795,1115.0,7.017506142941256,q5,1,0,Amazon,1
171-5810429-4493110,2022-04-30,Shipped,0,0,Set,NW,WEST BENGAL,BIDHAN NAGAR,700,582.0,6.368187186350492,q3,0,0,Amazon,1
171-1068229-1581965,2022-04-30,Shipped,0,0,Set,NW,WEST BENGAL,BIDHAN NAGAR,700,449.0,6.1092475827643655,q2,1,0,Amazon,1
402-2105140-3584364,2022-04-30,Shipped,0,0,kurta,JNE,KARNATAKA,BENGALURU,560,375.0,5.929589143389895,q1,0,0,Amazon,1
403-3561336-3563535,2022-04-30,Shipped,0,0,Set,SET,Gujarat,AHMEDABAD,380,771.0,6.648984550024776,q4,0,0,Amazon,1
402-9532672-5385917,2022-04-30,Shipped,0,0,kurta,JNE,TAMIL NADU,TIRUCHIRAPPALLI,620,399.0,5.991464547107982,q1,0,0,Amazon,1
408-4547464-4180323,2022-04-30,Shipped - Delivered to Buyer,0,0,kurta,JNE,ODISHA,BHUBANESWAR,752,0.0,0.0,q1,1,0,Merchant,1
402-2211107-5096323,2022-04-30,Shipped,0,0,Set,J,UTTAR PRADESH,ALIGARH,202,654.0,6.484635235635252,q3,1,0,Amazon,1
403-9412025-7537140,2022-04-30,Shipped,0,0,kurta,JNE,KERALA,KOCHI,682,424.0,6.052089168924417,q2,1,0,Amazon,1
403-5456917-5571511,2022-04-30,Cancelled,0,1,Western Dress,JNE,UTTAR PRADESH,GHAZIABAD,201,,0.0,,0,0,Amazon,0
171-8452330-4756317,2022-04-30,Shipped,0,0,Top,JNE,MAHARASHTRA,PUNE,412,432.0,6.07073772800249,q2,1,0,Amazon,1
171-4350114-4299568,2022-04-30,Shipped - Delivered to Buyer,0,0,Top,JNE,MAHARASHTRA,PUNE,412,399.0,5.991464547107982,q1,1,0,Merchant,1
405-8692900-3888310,2022-04-30,Shipped,0,0,kurta,JNE,KARNATAKA,Bangalore,560,399.0,5.991464547107982,q1,1,0,Amazon,1
402-6750101-3923558,2022-04-30,Shipped,0,0,Set,SET,KERALA,MALAPPURAM,676,597.0,6.393590753950631,q3,1,0,Amazon,1
403-5725327-6264327,2022-04-30,Shipped,0,0,Top,J,UTTAR PRADESH,NOIDA,201,463.0,6.139884552226255,q2,1,0,Amazon,1
403-5209693-1173944,2022-04-30,Shipped,0,0,kurta,MEN,UTTAR PRADESH,GREATER NOIDA,201,484.0,6.184148890937483,q2,1,0,Amazon,1
403-8255889-7526765,2022-04-30,Shipped,0,0,kurta,J,BIHAR,PATNA,800,635.0,6.455198563340122,q3,1,0,Amazon,1
407-3554912-7244363,2022-04-30,Shipped,0,0,kurta,JNE,ASSAM,SIBSAGAR,785,685.0,6.530877627725885,q3,1,0,Amazon,1
407-4737202-9096304,2022-04-30,Shipped - Delivered to Buyer,0,0,Western Dress,JNE,BIHAR,GAYA,823,725.0,6.587550014824796,q4,1,0,Merchant,1
171-2842936-5423534,2022-04-30,Shipped,0,0,Top,JNE,KARNATAKA,BENGALURU,560,487.0,6.1903154058531475,q2,0,0,Amazon,1
407-4936046-5852304,2022-04-30,Cancelled,0,1,Set,SET,HARYANA,GURUGRAM,122,1249.11,7.130986814706855,q5,0,0,Merchant,0
407-4936046-5852304,2022-04-30,Cancelled,0,1,Set,SET,HARYANA,GURUGRAM,122,1058.93,6.965958197863717,q5,0,0,Merchant,0
402-9580874-3525948,2022-04-30,Shipped,0,0,Set,SET,KERALA,KOLLAM,691,696.0,6.546785410760524,q4,1,0,Amazon,1
404-7426070-1355530,2022-04-30,Shipped,0,0,kurta,JNE,TELANGANA,HYDERABAD,500,329.0,5.799092654460526,q1,0,0,Amazon,1
406-4878137-1126707,2022-04-30,Shipped,0,0,kurta,JNE,MAHARASHTRA,PUNE,411,517.0,6.249975242259483,q2,1,0,Amazon,1
171-3505516-3505949,2022-04-30,Shipped,0,0,Set,SET,MAHARASHTRA,PUNE,411,591.0,6.3835066348840055,q3,1,0,Amazon,1
406-6199849-7523514,2022-04-30,Shipped,0,0,kurta,JNE,KERALA,PERALASSERI,670,406.0,6.008813185442595,q1,0,0,Amazon,1
406-6180074-2350757,2022-04-30,Shipped,0,0,Set,SET,KARNATAKA,BENGALURU,560,684.0,6.529418838262226,q3,1,0,Amazon,1
406-6180074-2350757,2022-04-30,Shipped,0,0,Set,SET,KARNATAKA,BENGALURU,560,1115.0,7.017506142941256,q5,1,0,Amazon,1
406-2403215-8361103,2022-04-30,Shipped - Delivered to Buyer,0,0,Set,SET,KARNATAKA,BENGALURU,560,999.0,6.907755278982137,q5,1,0,Merchant,1
404-6578109-5618751,2022-04-30,Shipped - Delivered to Buyer,0,0,kurta,JNE,KARNATAKA,BENGALURU,560,295.0,5.69035945432406,q1,1,0,Merchant,1
407-2307966-4961113,2022-04-30,Shipped,0,0,kurta,JNE,KARNATAKA,UDUPI,576,442.0,6.093569770045136,q2,0,0,Amazon,1
404-5539778-0029904,2022-04-30,Shipped,0,0,Set,SET,ASSAM,MARIANI,785,563.0,6.335054251498059,q3,1,0,Amazon,1
171-6222676-0740318,2022-04-30,Shipped,0,0,kurta,JNE,DELHI,NEW DELHI,110,435.0,6.077642243349034,q2,1,0,Amazon,1
403-2166075-2254703,2022-04-30,Shipped,0,0,Set,SET,KARNATAKA,MANGALURU,575,563.0,6.335054251498059,q3,1,0,Amazon,1
407-5766340-7411567,2022-04-30,Shipped,0,0,kurta,JNE,Gujarat,AHMEDABAD,380,399.0,5.991464547107982,q1,1,1,Amazon,1
404-0634392-1837110,2022-04-30,Cancelled,0,1,Top,J,MAHARASHTRA,KARANJA,444,,0.0,,0,0,Amazon,0
408-2759943-9849959,2022-04-30,Shipped,0,0,Set,SET,WEST BENGAL,KOLKATA,700,1338.0,7.199678345691172,q5,1,0,Amazon,1
403-5977671-8855508,2022-04-30,Shipped - Returned to Seller,1,0,Set,SET,WEST BENGAL,COOCH BEHAR,736,1115.0,7.017506142941256,q5,1,0,Merchant,1
408-9321153-0591557,2022-04-30,Shipped,0,0,kurta,JNE,KARNATAKA,BENGALURU,560,399.0,5.991464547107982,q1,0,0,Amazon,1
404-0696150-3898703,2022-04-30,Shipped - Delivered to Buyer,0,0,Set,J,MAHARASHTRA,PUNE,411,499.0,6.214608098422191,q2,1,0,Merchant,1
406-7586136-6520337,2022-04-30,Shipped - Delivered to Buyer,0,0,Western Dress,J,UTTARAKHAND,DEHRADUN,248,791.0,6.674561391814426,q4,1,0,Merchant,1
407-6146457-8788352,2022-04-30,Shipped,0,0,Western Dress,JNE,BIHAR,GAYA,823,725.0,6.587550014824796,q4,1,0,Amazon,1
404-8514200-3544346,2022-04-30,Cancelled,0,1,kurta,JNE,KARNATAKA,BENGALURU,560,,0.0,,0,0,Amazon,0
404-7452877-2137949,2022-04-30,Cancelled,0,1,kurta,JNE,KARNATAKA,BENGALURU,560,,0.0,,0,0,Merchant,0
402-2703790-2816329,2022-04-30,Cancelled,0,1,Set,J,JHARKHAND,JHARIA KHAS,828,1278.57,7.154279320998248,q5,0,0,Merchant,0
407-1515930-8661921,2022-04-30,Shipped,0,0,Set,SET,WEST BENGAL,KOLKATA,700,1099.0,7.003065458786462,q5,1,0,Amazon,1
405-9144614-1601126,2022-04-30,Shipped - Delivered to Buyer,0,0,kurta,MEN,TELANGANA,Secunderabad,500,533.0,6.280395838960195,q2,1,0,Merchant,1
407-0994909-4122733,2022-04-30,Shipped,0,0,kurta,PJ,RAJASTHAN,UDAIPUR,313,696.0,6.546785410760524,q4,1,0,Amazon,1
402-7042386-5486768,2022-04-30,Shipped,0,0,kurta,JNE,TAMIL NADU,COIMBATORE,641,363.0,5.8971538676367405,q1,1,0,Amazon,1
403-7652993-1507525,2022-04-30,Shipped,0,0,Set,SET,ODISHA,BHUBANESWAR,751,631.0,6.448889394146858,q3,1,0,Amazon,1
407-3847456-6656309,2022-04-30,Shipped,0,0,Set,J,BIHAR,BHAGALPUR,812,1115.0,7.017506142941256,q5,1,0,Amazon,1
407-3847456-6656309,2022-04-30,Shipped,0,0,Set,SET,BIHAR,BHAGALPUR,812,968.0,6.876264611890766,q5,1,0,Amazon,1
171-7623384-8040337,2022-04-30,Shipped,0,0,kurta,JNE,MAHARASHTRA,NAGPUR,440,486.0,6.18826412308259,q2,1,0,Amazon,1
171-7623384-8040337,2022-04-30,Shipped,0,0,Set,SET,MAHARASHTRA,NAGPUR,440,597.0,6.393590753950631,q3,1,0,Amazon,1
171-4607096-6413920,2022-04-30,Shipped - Delivered to Buyer,0,0,Set,SET,MAHARASHTRA,NAGPUR,440,563.0,6.335054251498059,q3,1,0,Merchant,1
404-6783988-2006729,2022-04-30,Shipped,0,0,Set,SET,TAMIL NADU,CHENNAI,600,597.0,6.393590753950631,q3,1,0,Amazon,1
404-6975277-1927553,2022-04-30,Shipped - Delivered to Buyer,0,0,kurta,JNE,WEST BENGAL,BERHAMPORE,742,458.0,6.129050210060545,q2,1,0,Merchant,1
402-5586272-3646748,2022-04-30,Shipped,0,0,Set,J,UTTARAKHAND,Dehradun,248,1065.0,6.97166860472579,q5,0,0,Amazon,1
171-6655820-6440356,2022-04-30,Shipped,0,0,Set,J,MAHARASHTRA,MUMBAI,400,2130.0,7.664346632098617,q5,1,0,Amazon,2
171-1584788-8864335,2022-04-30,Shipped - Delivered to Buyer,0,0,Set,J,MAHARASHTRA,MUMBAI,400,1099.0,7.003065458786462,q5,1,0,Merchant,1
402-0150402-0900371,2022-04-30,Shipped,0,0,Western Dress,J,MADHYA PRADESH,SEONI,480,721.0,6.582025138892826,q4,1,0,Amazon,1
408-6791822-5493964,2022-04-30,Shipped,0,0,Set,SET,UTTAR PRADESH,Agra,282,968.0,6.876264611890766,q5,1,0,Amazon,1
405-0483874-0889137,2022-04-30,Shipped,0,0,Set,NW,UTTAR PRADESH,LUCKNOW,226,563.0,6.335054251498059,q3,1,0,Amazon,1
407-5600921-2143569,2022-04-30,Cancelled,0,1,Set,SET,KARNATAKA,BENGALURU,560,995.54,6.904289257290016,q5,0,0,Merchant,0
404-1607808-0769930,2022-04-30,Cancelled,0,1,Set,SET,BIHAR,PATNA,800,,0.0,,0,0,Amazon,0
407-5124083-2725136,2022-04-30,Shipped,0,0,Set,SET,UTTAR PRADESH,GHAZIABAD,201,682.0,6.52649485957079,q3,1,0,Amazon,1
407-4766116-5412325,2022-04-30,Shipped,0,0,kurta,JNE,HIMACHAL PRADESH,Nermand,172,399.0,5.991464547107982,q1,0,0,Amazon,1
402-6885004-6990731,2022-04-30,Shipped,0,0,Set,SET,TAMIL NADU,CHENNAI,600,626.0,6.440946540632921,q3,1,0,Amazon,1
402-2207276-9869933,2022-04-30,Shipped,0,0,Set,J,TELANGANA,KAMAREDDY,503,1140.0,7.039660349862076,q5,1,0,Amazon,1
407-9494293-9423561,2022-04-30,Shipped,0,0,kurta,JNE,JAMMU & KASHMIR,SRINAGAR,190,486.0,6.18826412308259,q2,1,0,Amazon,1
171-6867266-8495534,2022-04-30,Shipped,0,0,Set,SET,KARNATAKA,BENGALURU,560,597.0,6.393590753950631,q3,1,0,Amazon,1
408-3475592-6193128,2022-04-30,Shipped,0,0,kurta,JNE,KARNATAKA,MUDDEBIHAL,586,399.0,5.991464547107982,q1,1,0,Amazon,1
171-1987024-2709164,2022-04-30,Shipped,0,0,Set,J,ANDHRA PRADESH,SANTHAMAGULURU MANDAL,523,660.0,6.493753839851687,q3,1,0,Amazon,1
406-1522425-5387565,2022-04-30,Shipped,0,0,kurta,JNE,TELANGANA,HYDERABAD,500,459.0,6.131226489483141,q2,1,0,Amazon,1
171-3270734-5045130,2022-04-30,Shipped,0,0,Set,SET,DELHI,NEW DELHI,110,631.0,6.448889394146858,q3,1,0,Amazon,1
408-4101226-7217932,2022-04-30,Shipped - Delivered to Buyer,0,0,kurta,JNE,UTTAR PRADESH,LUCKNOW,226,459.0,6.131226489483141,q2,1,0,Merchant,1
171-5719664-5449151,2022-04-30,Cancelled,0,1,Set,SET,KARNATAKA,BENGALURU,560,597.0,6.393590753950631,q3,0,0,Amazon,1
403-9400764-4029123,2022-04-30,Shipped,0,0,Set,SET,KARNATAKA,BENGALURU,560,852.0,6.748759547491679,q5,0,0,Amazon,1
406-8413944-2634744,2022-04-30,Shipped,0,0,kurta,JNE,TELANGANA,Hyderabad,500,353.0,5.869296913133774,q1,1,0,Amazon,1
406-8271099-5133911,2022-04-30,Shipped,0,0,kurta,JNE,KARNATAKA,BENGALURU,562,345.0,5.846438775057724,q1,1,0,Amazon,1
406-8271099-5133911,2022-04-30,Shipped,0,0,kurta,JNE,KARNATAKA,BENGALURU,562,329.0,5.799092654460526,q1,1,0,Amazon,1
405-3441326-1516368,2022-04-30,Shipped,0,0,Top,J,WEST BENGAL,KOLKATA 700034,700,518.0,6.251903883165888,q2,1,0,Amazon,1
408-8009772-6580317,2022-04-30,Shipped,0,0,Top,JNE,WEST BENGAL,kolkata,700,387.0,5.961005339623274,q1,1,0,Amazon,1
402-4774686-7773937,2022-04-30,Shipped - Delivered to Buyer,0,0,Top,JNE,TELANGANA,HYDERABAD,500,339.0,5.8289456176102075,q1,1,0,Merchant,1
402-2860689-5652319,2022-04-30,Shipped,0,0,Western Dress,J,MADHYA PRADESH,SEONI,480,744.0,6.61338421837956,q4,1,0,Amazon,1
406-6386989-1689108,2022-04-30,Shipped - Delivered to Buyer,0,0,Set,SET,WEST BENGAL,BARUIPUR,700,888.0,6.790097235513905,q5,1,0,Merchant,1
408-9720884-9553122,2022-04-30,Shipped,0,0,kurta,JNE,ODISHA,KENDRAPARA,754,487.0,6.1903154058531475,q2,1,0,Amazon,1
408-6428766-2839536,2022-04-30,Shipped - Delivered to Buyer,0,0,kurta,JNE,ODISHA,KENDRAPARA,754,487.0,6.1903154058531475,q2,1,0,Merchant,1
408-8641795-6914711,2022-04-30,Shipped,0,0,Top,J,HARYANA,GURUGRAM,122,563.0,6.335054251498059,q3,1,0,Amazon,1
402-9475978-1434754,2022-04-30,Shipped,0,0,Western Dress,J,ANDHRA PRADESH,VIJAYAWADA,521,859.0,6.756932389247553,q5,1,0,Amazon,1
407-5776821-9327552,2022-04-30,Shipped,0,0,Set,J,MAHARASHTRA,MUMBAI,400,1133.0,7.033506484287697,q5,0,0,Amazon,1
171-6845071-0336346,2022-04-30,Shipped,0,0,Set,SET,MAHARASHTRA,NASHIK,422,788.0,6.670766320845874,q4,0,0,Amazon,1
404-7491342-1035558,2022-04-30,Shipped,0,0,Set,J,MAHARASHTRA,THANE,401,1463.0,7.288927694521257,q5,0,0,Amazon,1
171-6783343-9758701,2022-04-30,Shipped,0,0,kurta,JNE,PUNJAB,HOSHIARPUR,146,399.0,5.991464547107982,q1,1,0,Amazon,1
402-0043314-1059527,2022-04-30,Cancelled,0,1,Western Dress,J,MADHYA PRADESH,SEONI,480,744.0,6.61338421837956,q4,0,0,Amazon,1
406-6586654-6641140,2022-04-30,Shipped - Delivered to Buyer,0,0,kurta,JNE,KARNATAKA,BENGALURU,560,487.0,6.1903154058531475,q2,1,0,Merchant,1
405-6120626-0941135,2022-04-30,Shipped,0,0,Set,SET,KARNATAKA,Bengaluru,560,657.0,6.489204931325317,q3,1,0,Amazon,1
408-9255314-3102740,2022-04-30,Shipped,0,0,Set,SET,MAHARASHTRA,BARSHI,413,1133.0,7.033506484287697,q5,1,0,Amazon,1
408-3436456-9893130,2022-04-30,Shipped,0,0,kurta,JNE,MAHARASHTRA,MUMBAI,400,399.0,5.991464547107982,q1,0,0,Amazon,1
408-3870331-6287517,2022-04-30,Shipped,0,0,kurta,JNE,UTTARAKHAND,Dehradun,248,399.0,5.991464547107982,q1,1,0,Amazon,1
408-3870331-6287517,2022-04-30,Shipped,0,0,kurta,JNE,UTTARAKHAND,Dehradun,248,399.0,5.991464547107982,q1,1,0,Amazon,1
407-2882576-2777135,2022-04-30,Shipped - Delivered to Buyer,0,0,Set,J,TELANGANA,HYDERABAD,500,1233.0,7.1180162044653335,q5,1,0,Merchant,1
403-2256919-4846738,2022-04-30,Shipped - Delivered to Buyer,0,0,Western Dress,JNE,KARNATAKA,BENGALURU,560,825.0,6.716594773520978,q4,1,0,Merchant,1
403-2920089-2403567,2022-04-30,Shipped,0,0,Top,JNE,TAMIL NADU,CHENNAI,600,487.0,6.1903154058531475,q2,0,0,Amazon,1
406-7792526-4685142,2022-04-30,Shipped,0,0,Set,SET,TELANGANA,HYDERABAD,500,563.0,6.335054251498059,q3,1,0,Amazon,1
406-7680255-6117120,2022-04-30,Shipped,0,0,kurta,JNE,TELANGANA,HYDERABAD,500,399.0,5.991464547107982,q1,0,0,Amazon,1
402-4646784-8411501,2022-04-30,Shipped - Delivered to Buyer,0,0,kurta,JNE,HARYANA,CHANDI MANDIR,134,471.0,6.156978985585555,q2,1,0,Merchant,1
405-2788163-4515521,2022-04-30,Shipped - Delivered to Buyer,0,0,kurta,JNE,MADHYA PRADESH,ujjain,456,342.0,5.83773044716594,q1,1,0,Merchant,1
405-1757140-2025918,2022-04-30,Shipped,0,0,kurta,JNE,MADHYA PRADESH,ujjain,456,432.0,6.07073772800249,q2,1,0,Amazon,1
403-9105351-8453114,2022-04-30,Shipped,0,0,kurta,JNE,UTTARAKHAND,Haldwani,263,399.0,5.991464547107982,q1,1,0,Amazon,1
402-0503400-6235514,2022-04-30,Shipped,0,0,Set,SET,TAMIL NADU,CHENNAI,600,736.0,6.602587892189336,q4,1,0,Amazon,1
408-3201739-2676310,2022-04-30,Shipped,0,0,Set,SET,MAHARASHTRA,MUMBAI,400,1260.0,7.139660335964919,q5,1,0,Amazon,1
171-8027093-8553945,2022-04-30,Shipped,0,0,kurta,JNE,UTTARAKHAND,Uttarkashi,249,399.0,5.991464547107982,q1,1,0,Amazon,1
403-3331597-7637100,2022-04-30,Shipped,0,0,Set,J,ODISHA,BHUBANESWAR,751,1133.0,7.033506484287697,q5,1,0,Amazon,1
403-4424319-6635501,2022-04-30,Shipped,0,0,Set,SET,Goa,Old Goa,403,759.0,6.633318433280377,q4,1,0,Amazon,1
403-0906375-2269150,2022-04-30,Cancelled,0,1,kurta,MEN,MADHYA PRADESH,MAHESHWAR,451,475.0,6.16541785423142,q2,0,0,Amazon,1
406-7261451-5682727,2022-04-30,Shipped,0,0,Western Dress,J,KARNATAKA,BENGALURU,560,744.0,6.61338421837956,q4,1,0,Amazon,1
407-5096970-7475550,2022-04-30,Cancelled,0,1,Set,J,UTTAR PRADESH,HARDOI,241,1902.86,7.551638675542053,q5,0,0,Merchant,0
402-6566640-5417947,2022-04-30,Shipped,0,0,Western Dress,JNE,TELANGANA,HYDERABAD,500,771.0,6.648984550024776,q4,1,0,Amazon,1
402-5302912-6805151,2022-04-30,Shipped - Delivered to Buyer,0,0,Western Dress,JNE,TELANGANA,HYDERABAD,500,725.0,6.587550014824796,q4,1,0,Merchant,1
407-9707366-3029944,2022-04-30,Cancelled,0,1,kurta,JNE,DELHI,NEW DELHI,110,473.33,6.161903253681318,q2,0,0,Merchant,0
402-1365379-0131533,2022-04-30,Cancelled,0,1,Set,J,TELANGANA,KAMAREDDY,503,,0.0,,0,0,Amazon,0
408-5540360-9479519,2022-04-30,Shipped - Delivered to Buyer,0,0,Set,SET,MEGHALAYA,SHILLONG,793,759.0,6.633318433280377,q4,1,0,Merchant,1
403-2079921-1244300,2022-04-30,Cancelled,0,1,kurta,MEN,MADHYA PRADESH,DHAMNOD DHAR DISTRICT,454,475.0,6.16541785423142,q2,0,0,Amazon,1
402-8019936-6115500,2022-04-30,Cancelled,0,1,Set,J,KARNATAKA,MYSURU,570,654.0,6.484635235635252,q3,0,0,Amazon,1
406-6711228-7576354,2022-04-30,Cancelled,0,1,Western Dress,J,KARNATAKA,BENGALURU,560,791.0,6.674561391814426,q4,0,0,Amazon,1
171-1425554-3718756,2022-04-30,Shipped,0,0,Western Dress,J,KARNATAKA,BENGALURU,560,744.0,6.61338421837956,q4,1,0,Amazon,1
407-9906412-0889129,2022-04-30,Shipped,0,0,kurta,JNE,WEST BENGAL,CHAKDAHA,741,376.0,5.932245187448011,q1,1,0,Amazon,1
408-8991303-6559523,2022-04-30,Shipped,0,0,kurta,JNE,TAMIL NADU,CHENNAI,600,399.0,5.991464547107982,q1,0,0,Amazon,1
408-6046797-8945127,2022-04-30,Shipped,0,0,Set,SET,WEST BENGAL,KOLKATA,700,599.0,6.396929655216146,q3,1,0,Amazon,1
171-2134173-5385136,2022-04-30,Shipped,0,0,kurta,J,KARNATAKA,CHIKKAMAGALURU,577,782.0,6.663132695990803,q4,1,0,Amazon,1
171-2134173-5385136,2022-04-30,Shipped,0,0,kurta,JNE,KARNATAKA,CHIKKAMAGALURU,577,362.0,5.8944028342648505,q1,1,0,Amazon,1
402-2155477-9353103,2022-04-30,Shipped,0,0,Set,SET,ODISHA,BHUBANESWAR,751,1173.0,7.068172000388042,q5,1,0,Amazon,1
407-8580022-5578715,2022-04-30,Shipped - Delivered to Buyer,0,0,Western Dress,J,HARYANA,GURUGRAM,122,744.0,6.61338421837956,q4,1,0,Merchant,1
402-1572540-8678700,2022-04-30,Shipped,0,0,Western Dress,JNE,WEST BENGAL,KOLKATA,700,725.0,6.587550014824796,q4,1,0,Amazon,1
171-1887627-9813158,2022-04-30,Shipped,0,0,kurta,JNE,ANDHRA PRADESH,VISAKHAPATNAM,530,376.0,5.932245187448011,q1,1,0,Amazon,1
408-7712483-3825907,2022-04-30,Shipped - Delivered to Buyer,0,0,kurta,JNE,UTTAR PRADESH,ALLAHABAD,211,459.0,6.131226489483141,q2,1,0,Merchant,1
402-3621298-2630741,2022-04-30,Cancelled,0,1,Set,J,KARNATAKA,MYSURU,570,654.0,6.484635235635252,q3,0,0,Amazon,1
404-8745561-3169903,2022-04-30,Shipped,0,0,kurta,JNE,UTTAR PRADESH,LUCKNOW,226,379.0,5.940171252720432,q1,1,0,Amazon,1
404-1508602-9433941,2022-04-30,Shipped,0,0,Set,J,WEST BENGAL,KOLKATA,700,696.0,6.546785410760524,q4,1,0,Amazon,1
171-9371949-6030721,2022-04-30,Shipped,0,0,Set,SET,WEST BENGAL,MALDA,732,597.0,6.393590753950631,q3,1,0,Amazon,1
171-2705563-6985105,2022-04-30,Shipped,0,0,Set,SET,NAGALAND,DIMAPUR,797,692.0,6.541029999189903,q4,1,0,Amazon,1
171-3537751-4007556,2022-04-30,Shipped,0,0,Set,SET,ANDHRA PRADESH,Nellore,524,1999.0,7.600902459542082,q5,1,0,Amazon,1
408-5990312-3581165,2022-04-30,Shipped,0,0,Set,SET,PUDUCHERRY,PUDUCHERRY,605,824.0,6.715383386334681,q4,1,0,Amazon,1
403-6062596-1220349,2022-04-30,Shipped,0,0,kurta,JNE,GOA,CUNCOLIM,403,399.0,5.991464547107982,q1,1,0,Amazon,1
171-8220241-5105927,2022-04-30,Shipped,0,0,kurta,J,KARNATAKA,CHIKKAMAGALURU,577,737.0,6.6039438246004725,q4,1,0,Amazon,1
408-9405529-3743511,2022-04-30,Shipped,0,0,kurta,JNE,TELANGANA,Hyderabad,500,399.0,5.991464547107982,q1,1,0,Amazon,1
402-3595365-1666728,2022-04-30,Cancelled,0,1,Set,SET,UTTAR PRADESH,NOIDA,201,899.0,6.802394763324311,q5,0,0,Amazon,1
407-3271219-3762757,2022-04-30,Shipped,0,0,kurta,JNE,MAHARASHTRA,PUNE,411,368.0,5.910796644040527,q1,1,0,Amazon,1
402-3660716-8589107,2022-04-30,Shipped - Delivered to Buyer,0,0,kurta,JNE,KERALA,trivandrum,695,471.0,6.156978985585555,q2,1,0,Merchant,1
171-3953233-6135505,2022-04-30,Shipped,0,0,kurta,JNE,UTTAR PRADESH,KANPUR,208,399.0,5.991464547107982,q1,1,0,Amazon,1
402-5525660-2118707,2022-04-30,Shipped,0,0,kurta,JNE,TAMIL NADU,CHINNALAPATTI,624,376.0,5.932245187448011,q1,0,0,Amazon,1
406-9941718-1734719,2022-04-30,Shipped - Delivered to Buyer,0,0,kurta,JNE,KARNATAKA,BENGALURU,560,544.0,6.300785794663244,q3,1,0,Merchant,1
171-1297873-2176339,2022-04-30,Shipped,0,0,kurta,MEN,TELANGANA,HYDERABAD,500,499.0,6.214608098422191,q2,1,0,Amazon,1
407-6401192-4057954,2022-04-30,Shipped,0,0,Top,J,KARNATAKA,BENGALURU,560,426.0,6.056784013228625,q2,0,0,Amazon,1
406-3397500-8084361,2022-04-30,Shipped,0,0,kurta,JNE,KARNATAKA,BENGALURU,560,399.0,5.991464547107982,q1,0,0,Amazon,1
171-9620288-8918704,2022-04-30,Cancelled,0,1,Set,SET,UTTARAKHAND,BAGESHWAR,263,,0.0,,1,0,Amazon,0
402-8089760-1132331,2022-04-30,Shipped,0,0,Set,SET,DELHI,NEW DELHI,110,995.0,6.903747257584598,q5,0,0,Amazon,1
403-7042175-3905937,2022-04-30,Shipped,0,0,kurta,MEN,WEST BENGAL,BARRACKPORE,700,499.0,6.214608098422191,q2,1,0,Amazon,1
403-7042175-3905937,2022-04-30,Shipped,0,0,kurta,MEN,WEST BENGAL,BARRACKPORE,700,499.0,6.214608098422191,q2,1,0,Amazon,1
407-4629176-4141949,2022-04-30,Shipped,0,0,Set,SET,MAHARASHTRA,Dombivali  east,421,597.0,6.393590753950631,q3,1,0,Amazon,1
171-7306449-0588335,2022-04-30,Shipped,0,0,kurta,MEN,DELHI,NEW DELHI,110,562.0,6.333279628139691,q3,1,0,Amazon,1
407-1396965-6726703,2022-04-30,Shipped,0,0,kurta,PJ,BIHAR,PATNA,801,696.0,6.546785410760524,q4,1,0,Amazon,1
407-0624641-6557144,2022-04-30,Shipped,0,0,Set,SET,TELANGANA,Hyderabad,500,788.0,6.670766320845874,q4,0,0,Amazon,1
405-8444009-8723509,2022-04-30,Shipped,0,0,kurta,JNE,DELHI,New delhi,110,399.0,5.991464547107982,q1,0,0,Amazon,1
406-5729580-2175565,2022-04-30,Shipped,0,0,Set,SET,WEST BENGAL,NEW TOWN,700,1099.0,7.003065458786462,q5,1,0,Amazon,1
404-2255967-5457950,2022-04-30,Shipped,0,0,Set,J,TELANGANA,HYDERABAD,502,476.0,6.1675164908883415,q2,0,0,Amazon,1
408-5020509-5674715,2022-04-30,Shipped - Returned to Seller,1,0,Western Dress,JNE,DELHI,NEW DELHI,110,0.0,0.0,q1,1,0,Merchant,1
407-7642883-3094732,2022-04-30,Shipped - Delivered to Buyer,0,0,Western Dress,J,ASSAM,SIBSAGAR,785,885.0,6.786716950605081,q5,1,0,Merchant,1
404-7608918-0571517,2022-04-30,Shipped,0,0,Set,J,JAMMU & KASHMIR,JAMMU,180,654.0,6.484635235635252,q3,1,0,Amazon,1
171-6589781-2209965,2022-04-30,Shipped,0,0,Western Dress,J,MAHARASHTRA,Pune,411,625.0,6.439350371100098,q3,1,0,Amazon,1
405-9442254-2207515,2022-04-30,Shipped - Delivered to Buyer,0,0,kurta,PJNE,KERALA,Pathanapuram,689,505.0,6.226536669287466,q2,1,0,Merchant,1
405-3071731-6600369,2022-04-30,Shipped,0,0,kurta,PJNE,KERALA,Pathanapuram,689,563.0,6.335054251498059,q3,1,0,Amazon,1
404-6026001-1717923,2022-04-30,Cancelled,0,1,kurta,JNE,UTTAR PRADESH,JAUNPUR,222,344.76,5.845744921002517,q1,0,0,Merchant,0
404-4026534-0431517,2022-04-30,Cancelled,0,1,Set,SET,MAHARASHTRA,SOLAPUR,413,,0.0,,1,0,Amazon,0
406-4970885-3273941,2022-04-30,Shipped - Delivered to Buyer,0,0,kurta,JNE,MAHARASHTRA,PUNE,411,666.0,6.502790045915623,q3,1,0,Merchant,1
406-2942566-8263534,2022-04-30,Shipped - Delivered to Buyer,0,0,kurta,JNE,TELANGANA,MAHBUBNAGAR,509,399.0,5.991464547107982,q1,1,0,Merchant,1
406-7501816-7391539,2022-04-30,Shipped - Delivered to Buyer,0,0,kurta,JNE,UTTARAKHAND,Nk sweets Vikasnagar,248,432.0,6.07073772800249,q2,1,0,Merchant,1
408-3137526-3167563,2022-04-30,Shipped,0,0,kurta,JNE,WEST BENGAL,DARJEELING,734,0.0,0.0,q1,0,0,Amazon,1
408-5211576-2061139,2022-04-30,Shipped,0,0,Set,SET,JHARKHAND,RANCHI,834,1099.0,7.003065458786462,q5,1,0,Amazon,1
406-9632792-8869139,2022-04-30,Shipped,0,0,kurta,JNE,KARNATAKA,BENGALURU,560,353.0,5.869296913133774,q1,0,0,Amazon,1
408-7971979-8745937,2022-04-30,Shipped - Delivered to Buyer,0,0,Western Dress,J,PUNJAB,LUDHIANA,141,0.0,0.0,q1,1,0,Merchant,1
405-5166820-2566738,2022-04-30,Shipped,0,0,Set,SET,KARNATAKA,BENGALURU,560,563.0,6.335054251498059,q3,1,0,Amazon,1
405-8932002-4271522,2022-04-30,Shipped,0,0,Set,SET,TELANGANA,HYDERABAD,500,788.0,6.670766320845874,q4,1,0,Amazon,1
404-1855398-2642751,2022-04-30,Shipped,0,0,Set,J,BIHAR,MUZAFFARPUR,842,654.0,6.484635235635252,q3,1,0,Amazon,1
408-0912805-7526753,2022-04-30,Shipped,0,0,Set,SET,MAHARASHTRA,MUMBAI,400,0.0,0.0,q1,0,0,Amazon,1
402-2403704-9667560,2022-04-30,Shipped,0,0,kurta,JNE,TELANGANA,SECUNDERABAD,500,399.0,5.991464547107982,q1,0,0,Amazon,1
405-2569549-3466719,2022-04-30,Shipped,0,0,Set,J,UTTAR PRADESH,Sonbhadra,231,696.0,6.546785410760524,q4,1,0,Amazon,1
405-2822825-3877133,2022-04-30,Shipped,0,0,Set,J,UTTAR PRADESH,LUCKNOW,226,1112.0,7.014814351275545,q5,1,0,Amazon,1
171-5222377-4501935,2022-04-30,Shipped,0,0,kurta,JNE,ANDHRA PRADESH,KAKINADA,533,517.0,6.249975242259483,q2,0,0,Amazon,1
171-2644368-7969167,2022-04-30,Shipped,0,0,Set,SET,ANDHRA PRADESH,KAKINADA,533,888.0,6.790097235513905,q5,1,0,Amazon,1
171-2644368-7969167,2022-04-30,Shipped,0,0,Set,J,ANDHRA PRADESH,KAKINADA,533,1463.0,7.288927694521257,q5,1,0,Amazon,1
171-2644368-7969167,2022-04-30,Shipped,0,0,kurta,JNE,ANDHRA PRADESH,KAKINADA,533,399.0,5.991464547107982,q1,1,0,Amazon,1
171-2644368-7969167,2022-04-30,Shipped,0,0,kurta,JNE,ANDHRA PRADESH,KAKINADA,533,442.0,6.093569770045136,q2,1,0,Amazon,1
171-2644368-7969167,2022-04-30,Shipped,0,0,Set,SET,ANDHRA PRADESH,KAKINADA,533,1149.0,7.047517221357296,q5,1,0,Amazon,1
171-2644368-7969167,2022-04-30,Shipped,0,0,Ethnic Dress,J,ANDHRA PRADESH,KAKINADA,533,845.0,6.740519359606223,q5,1,0,Amazon,1
171-1758807-7455529,2022-04-30,Shipped,0,0,Set,SET,WEST BENGAL,HALDIA,721,788.0,6.670766320845874,q4,1,0,Amazon,1
404-5848202-7366725,2022-04-30,Cancelled,0,1,Western Dress,JNE,TELANGANA,HYDERABAD,500,734.29,6.600264949335516,q4,0,0,Merchant,0
408-8224264-0017161,2022-04-30,Shipped,0,0,Set,SET,DELHI,NEW DELHI,110,788.0,6.670766320845874,q4,0,0,Amazon,1
408-6529937-6381928,2022-04-30,Shipped,0,0,Set,J,GOA,Tivim,403,654.0,6.484635235635252,q3,1,0,Amazon,1
407-2028379-9672355,2022-04-30,Shipped,0,0,kurta,JNE,TAMIL NADU,CHENNAI,600,518.0,6.251903883165888,q2,1,0,Amazon,1
402-9221687-4573915,2022-04-30,Shipped,0,0,Set,SET,TELANGANA,HYDERABAD,500,626.0,6.440946540632921,q3,1,0,Amazon,1
405-2668017-2013957,2022-04-30,Shipped,0,0,kurta,PJNE,UTTAR PRADESH,Agra,282,534.0,6.282266746896006,q3,1,0,Amazon,1
408-3337319-8990747,2022-04-30,Shipped,0,0,kurta,MEN,Gujarat,MANDVI KACHCHH DISTRICT,370,475.0,6.16541785423142,q2,1,0,Amazon,1
407-1256885-2004349,2022-04-30,Shipped,0,0,kurta,MEN,ODISHA,SAMBALPUR,768,549.0,6.309918278226516,q3,1,0,Amazon,1
404-3723311-1030756,2022-04-30,Shipped,0,0,kurta,JNE,TAMIL NADU,KANNIYAKUMARI,629,518.0,6.251903883165888,q2,1,0,Amazon,1
171-5542306-9306709,2022-04-30,Cancelled,0,1,Western Dress,J,MAHARASHTRA,"Chinchwad ,Pune",411,,0.0,,0,0,Amazon,0
406-3702147-1800341,2022-04-30,Shipped - Delivered to Buyer,0,0,Western Dress,JNE,TELANGANA,HYDERABAD,500,725.0,6.587550014824796,q4,1,0,Merchant,1
404-5867260-9073129,2022-04-30,Cancelled,0,1,kurta,JNE,TAMIL NADU,CHENNAI,600,437.14,6.082538527440588,q2,0,0,Merchant,0
404-0532727-2082745,2022-04-30,Shipped,0,0,Set,J,TELANGANA,Hyderabad,500,1499.0,7.313220387090301,q5,0,0,Amazon,1
403-8966287-7773106,2022-04-30,Shipped,0,0,kurta,JNE,KARNATAKA,BENGALURU,560,363.0,5.8971538676367405,q1,0,0,Amazon,1
408-1512444-4965152,2022-04-30,Shipped,0,0,kurta,JNE,BIHAR,PURNIA,854,399.0,5.991464547107982,q1,0,0,Amazon,1
171-9451879-3651542,2022-04-30,Shipped,0,0,kurta,PJNE,WEST BENGAL,kolkata,700,487.0,6.1903154058531475,q2,0,0,Amazon,1
408-8501185-0578768,2022-04-30,Cancelled,0,1,Set,SET,PUDUCHERRY,PUDUCHERRY,605,824.0,6.715383386334681,q4,0,0,Amazon,1
402-0251823-0845133,2022-04-30,Shipped - Delivered to Buyer,0,0,kurta,JNE,MEGHALAYA,SHILLONG,793,353.0,5.869296913133774,q1,1,0,Merchant,1
408-5190897-8781155,2022-04-30,Shipped,0,0,Top,JNE,MAHARASHTRA,PUNE,411,487.0,6.1903154058531475,q2,1,0,Amazon,1
403-3109934-4911514,2022-04-30,Shipped,0,0,Set,SET,ANDHRA PRADESH,TADEPALLIGUDEM,534,597.0,6.393590753950631,q3,1,0,Amazon,1
407-0718034-7893108,2022-04-30,Shipped,0,0,Set,J,UTTAR PRADESH,Ghaziabad,201,654.0,6.484635235635252,q3,1,0,Amazon,1
404-0752237-5721965,2022-04-30,Shipped,0,0,Set,SET,TELANGANA,HYDERABAD,500,597.0,6.393590753950631,q3,1,0,Amazon,1
403-6818986-3510737,2022-04-30,Cancelled,0,1,kurta,JNE,KARNATAKA,BENGALURU,560,363.0,5.8971538676367405,q1,0,0,Amazon,1
403-4673019-6572340,2022-04-30,Shipped,0,0,kurta,JNE,MADHYA PRADESH,GWALIOR,474,471.0,6.156978985585555,q2,0,0,Amazon,1
171-4549643-0067500,2022-04-30,Cancelled,0,1,kurta,JNE,MAHARASHTRA,AKOLA,444,,0.0,,0,0,Amazon,0
404-3622512-3887551,2022-04-30,Shipped,0,0,Western Dress,J,ASSAM,JORHAT,785,744.0,6.61338421837956,q4,1,0,Amazon,1
406-6906315-9570765,2022-04-30,Shipped,0,0,kurta,JNE,TAMIL NADU,CHENNAI,600,399.0,5.991464547107982,q1,1,0,Amazon,1
407-3562449-1962729,2022-04-30,Shipped - Delivered to Buyer,0,0,kurta,J,KARNATAKA,RAMANAGARA,562,568.0,6.343880434126331,q3,1,0,Merchant,1
408-2593644-6317933,2022-04-30,Shipped,0,0,Set,SET,KARNATAKA,Vijayapur,586,835.0,6.728628613084702,q4,1,0,Amazon,1
407-7607527-1189964,2022-04-30,Shipped - Rejected by Buyer,1,0,kurta,J,KARNATAKA,RAMANAGARA,562,568.0,6.343880434126331,q3,1,0,Merchant,1
405-7398388-2654744,2022-04-30,Shipped,0,0,Western Dress,J,JHARKHAND,BOKARO STEEL CITY,827,899.0,6.802394763324311,q5,1,0,Amazon,1
405-5066690-4132337,2022-04-30,Shipped,0,0,kurta,JNE,KARNATAKA,BENGALURU,560,406.0,6.008813185442595,q1,1,0,Amazon,1
408-6466311-6949931,2022-04-30,Shipped,0,0,Set,SET,UTTAR PRADESH,LUCKNOW,226,0.0,0.0,q1,0,0,Amazon,1
171-4643830-2345965,2022-04-30,Cancelled,0,1,Set,SET,MAHARASHTRA,MUMBAI,400,570.48,6.348229452820346,q3,0,0,Merchant,0
404-1051549-5381167,2022-04-30,Shipped - Delivered to Buyer,0,0,kurta,JNE,TELANGANA,KHAMMAM,507,399.0,5.991464547107982,q1,1,0,Merchant,1
406-7625210-8793109,2022-04-30,Shipped,0,0,Set,J,TAMIL NADU,CHENNAI,600,789.0,6.672032945461067,q4,0,0,Amazon,1
406-8665288-2025908,2022-04-30,Shipped,0,0,Saree,SAR,DELHI,NEW DELHI,110,620.0,6.431331081933479,q3,1,0,Amazon,1
408-6732772-4525113,2022-04-30,Shipped - Delivered to Buyer,0,0,Set,J,MAHARASHTRA,AURANGABAD,431,0.0,0.0,q1,1,0,Merchant,1
171-7068385-2777168,2022-04-30,Shipped - Delivered to Buyer,0,0,Set,SET,MAHARASHTRA,Pune,411,631.0,6.448889394146858,q3,1,0,Merchant,1
405-9930530-1209919,2022-04-30,Shipped,0,0,kurta,JNE,MADHYA PRADESH,GADARWARA,487,499.0,6.214608098422191,q2,1,0,Amazon,1
407-0288006-5535531,2022-04-30,Shipped,0,0,Western Dress,J,TELANGANA,HYDERABAD,500,807.0,6.694562058521095,q4,1,0,Amazon,1
403-6363820-3080315,2022-04-30,Shipped,0,0,Set,SET,PUDUCHERRY,PUDUCHERRY,605,666.0,6.502790045915623,q3,1,0,Amazon,1
408-7937211-8974712,2022-04-30,Shipped,0,0,Set,SET,MAHARASHTRA,SHIRDI,423,0.0,0.0,q1,0,0,Amazon,1
407-4283259-6933941,2022-04-30,Shipped,0,0,kurta,JNE,TAMIL NADU,VELLORE,632,329.0,5.799092654460526,q1,0,0,Amazon,1
407-3630361-4581152,2022-04-30,Cancelled,0,1,kurta,JNE,TAMIL NADU,VELLORE,632,,0.0,,1,0,Amazon,0
408-6348199-2089932,2022-04-30,Shipped,0,0,Set,J,JHARKHAND,RANCHI,834,0.0,0.0,q1,0,0,Amazon,1
408-5824761-8505932,2022-04-30,Shipped - Delivered to Buyer,0,0,kurta,JNE,UTTAR PRADESH,noida,201,399.0,5.991464547107982,q1,1,0,Merchant,1
406-0673842-3693910,2022-04-30,Shipped,0,0,kurta,JNE,KARNATAKA,Mangaluru,575,399.0,5.991464547107982,q1,1,0,Amazon,1
405-0722232-7258752,2022-04-30,Shipped,0,0,kurta,JNE,MADHYA PRADESH,SINGRAULI,486,487.0,6.1903154058531475,q2,0,0,Amazon,1
408-0224364-7467540,2022-04-30,Shipped,0,0,Set,SET,DELHI,NEW DELHI,110,1033.0,6.9411900550683745,q5,1,0,Amazon,1
408-2445040-0957913,2022-04-30,Shipped,0,0,Top,JNE,KARNATAKA,BENGALURU,560,625.0,6.439350371100098,q3,1,0,Amazon,1
406-8412164-3153129,2022-04-30,Shipped,0,0,Top,JNE,MAHARASHTRA,MUMBAI,400,432.0,6.07073772800249,q2,0,0,Amazon,1
407-5524319-6977912,2022-04-30,Cancelled,0,1,kurta,JNE,KERALA,THRIPPUNITHURA,682,,0.0,,0,0,Amazon,0
407-7757868-6086759,2022-04-30,Shipped,0,0,Set,SET,DELHI,NEW DELHI,110,1115.0,7.017506142941256,q5,1,0,Amazon,1
171-5065107-7793119,2022-04-30,Shipped,0,0,kurta,JNE,UTTAR PRADESH,GHAZIABAD,201,511.0,6.238324625039508,q2,1,0,Amazon,1
403-0216195-8439543,2022-04-30,Shipped,0,0,Set,SET,ODISHA,KENDUJHAR,758,599.0,6.396929655216146,q3,1,0,Amazon,1
402-9874837-4557125,2022-04-30,Shipped,0,0,Top,JNE,MAHARASHTRA,MUMBAI,400,545.0,6.302618975744905,q3,1,0,Amazon,1
408-8892348-9765950,2022-04-30,Shipped,0,0,kurta,JNE,MAHARASHTRA,THANE,401,353.0,5.869296913133774,q1,0,0,Amazon,1
408-6417023-0253911,2022-04-30,Shipped,0,0,Set,SET,MAHARASHTRA,THANE,401,563.0,6.335054251498059,q3,0,0,Amazon,1
407-4004149-2857161,2022-04-30,Shipped,0,0,Top,JNE,MAHARASHTRA,KALYAN,421,487.0,6.1903154058531475,q2,0,0,Amazon,1
404-6408992-6781106,2022-04-30,Shipped,0,0,kurta,JNE,TAMIL NADU,CHENNAI,600,352.0,5.8664680569332965,q1,0,0,Amazon,1
407-9345273-2408359,2022-04-30,Shipped,0,0,kurta,JNE,TAMIL NADU,CHENNAI,600,376.0,5.932245187448011,q1,0,0,Amazon,1
408-0266080-9401113,2022-04-30,Shipped - Returned to Seller,1,0,Top,J,HARYANA,GURUGRAM,122,599.0,6.396929655216146,q3,1,0,Merchant,1
404-6096382-3389133,2022-04-30,Shipped - Delivered to Buyer,0,0,Blouse,BL,PUNJAB,LUDHIANA,141,329.0,5.799092654460526,q1,1,0,Merchant,1
405-9737320-3923530,2022-04-30,Shipped,0,0,Set,J,GOA,Nerul,403,1133.0,7.033506484287697,q5,1,0,Amazon,1
402-7908398-5262750,2022-04-30,Shipped,0,0,Set,SET,MANIPUR,IMPHAL,795,684.0,6.529418838262226,q3,1,0,Amazon,1
407-6861831-9368312,2022-04-30,Cancelled,0,1,Set,SET,ASSAM,PALASBARI,781,,0.0,,0,0,Amazon,0
406-4290163-4557960,2022-04-30,Cancelled,0,1,kurta,JNE,TELANGANA,HYDERABAD,500,435.0,6.077642243349034,q2,0,0,Amazon,1
405-9000587-4386763,2022-04-30,Shipped,0,0,kurta,JNE,MAHARASHTRA,PUNE,411,399.0,5.991464547107982,q1,0,0,Amazon,1
405-9000587-4386763,2022-04-30,Shipped,0,0,kurta,JNE,MAHARASHTRA,PUNE,411,399.0,5.991464547107982,q1,0,0,Amazon,1
404-7760595-7490722,2022-04-30,Cancelled,0,1,kurta,JNE,KARNATAKA,Chikkaballapur,562,399.0,5.991464547107982,q1,0,0,Amazon,1
403-8206114-6438765,2022-04-30,Shipped,0,0,Set,SET,WEST BENGAL,Andul near maya stores,711,788.0,6.670766320845874,q4,1,0,Amazon,1
404-6734371-2217151,2022-04-30,Shipped - Delivered to Buyer,0,0,kurta,MEN,KARNATAKA,BENGALURU,560,549.0,6.309918278226516,q3,1,0,Merchant,1
403-9844758-9663515,2022-04-30,Shipped,0,0,Set,J,MAHARASHTRA,MUMBAI,400,654.0,6.484635235635252,q3,0,0,Amazon,1
402-1037282-5400318,2022-04-30,Shipped,0,0,kurta,JNE,MAHARASHTRA,Mumbai,400,399.0,5.991464547107982,q1,1,0,Amazon,1
408-6497115-2636366,2022-04-30,Shipped - Delivered to Buyer,0,0,Set,SET,TELANGANA,HYDERABAD,500,599.0,6.396929655216146,q3,1,0,Merchant,1
408-2311178-4563550,2022-04-30,Shipped,0,0,Set,SET,TELANGANA,HYDERABAD,500,874.0,6.774223886357614,q5,1,0,Amazon,1
171-7904830-1900363,2022-04-30,Shipped - Delivered to Buyer,0,0,kurta,MEN,TELANGANA,HYDERABAD,500,533.0,6.280395838960195,q2,1,0,Merchant,1
406-9476969-2801163,2022-04-30,Shipped,0,0,kurta,JNE,KARNATAKA,BENGALURU,560,399.0,5.991464547107982,q1,0,0,Amazon,1
403-2867551-8904322,2022-04-30,Shipped,0,0,Western Dress,J,KARNATAKA,BENGALURU,560,744.0,6.61338421837956,q4,1,0,Amazon,1
407-0133690-8157926,2022-04-30,Shipped,0,0,kurta,MEN,Gujarat,SURAT,395,499.0,6.214608098422191,q2,1,0,Amazon,1
402-2892726-4411563,2022-04-30,Cancelled,0,1,kurta,JNE,MAHARASHTRA,Mumbai,400,399.0,5.991464547107982,q1,0,0,Amazon,1
402-9688522-2179563,2022-04-30,Shipped,0,0,kurta,JNE,ANDHRA PRADESH,CHITTOOR,517,376.0,5.932245187448011,q1,0,0,Amazon,1
404-7977517-7125147,2022-04-30,Shipped,0,0,kurta,JNE,KARNATAKA,KADUR,577,486.0,6.18826412308259,q2,1,0,Amazon,1
403-4009455-2766717,2022-04-30,Shipped,0,0,kurta,JNE,RAJASTHAN,SURATGARH,335,399.0,5.991464547107982,q1,0,0,Amazon,1
408-8960391-6097167,2022-04-30,Cancelled,0,1,kurta,JNE,MAHARASHTRA,MIRA ROAD,401,,0.0,,0,0,Amazon,0
406-9811989-3946709,2022-04-30,Shipped,0,0,kurta,JNE,MAHARASHTRA,MUMBAI,400,424.0,6.052089168924417,q2,1,0,Amazon,1
406-0361691-7797129,2022-04-30,Shipped - Delivered to Buyer,0,0,kurta,JNE,MAHARASHTRA,MUMBAI,400,362.0,5.8944028342648505,q1,1,0,Merchant,1
408-9628391-5712365,2022-04-30,Shipped,0,0,Top,JNE,PUNJAB,DINANAGAR,143,599.0,6.396929655216146,q3,1,0,Amazon,1
408-1587720-2667552,2022-04-30,Shipped,0,0,Set,SET,WEST BENGAL,KOLKATA,700,597.0,6.393590753950631,q3,1,0,Amazon,1
171-5980259-5726757,2022-04-30,Shipped,0,0,Top,J,TELANGANA,SECUNDERABAD,500,487.0,6.1903154058531475,q2,0,0,Amazon,1
405-2266530-9531500,2022-04-30,Shipped - Delivered to Buyer,0,0,Set,SET,MAHARASHTRA,KALYAN,421,563.0,6.335054251498059,q3,1,0,Merchant,1
408-3468189-1632369,2022-04-30,Shipped,0,0,kurta,JNE,TAMIL NADU,ARAKANDANALLUR,605,487.0,6.1903154058531475,q2,0,0,Amazon,1
402-8199412-5613164,2022-04-30,Shipped,0,0,Set,J,MADHYA PRADESH,BHOPAL,462,1099.0,7.003065458786462,q5,1,0,Amazon,1
406-8049367-7383569,2022-04-30,Shipped,0,0,Set,J,HARYANA,GURGAON,122,654.0,6.484635235635252,q3,1,0,Amazon,1
404-4084311-5014713,2022-04-30,Shipped,0,0,kurta,JNE,TELANGANA,HYDERABAD,500,329.0,5.799092654460526,q1,1,0,Amazon,1
405-4491602-9761902,2022-04-30,Cancelled,0,1,Western Dress,J,CHHATTISGARH,Bhatgaon,497,,0.0,,0,0,Amazon,0
404-3973098-9107502,2022-04-30,Shipped,0,0,Set,SET,ODISHA,BHANJANAGAR,761,1186.0,7.079184394609668,q5,1,0,Amazon,1
404-8364446-3952321,2022-04-30,Shipped,0,0,Western Dress,J,ANDHRA PRADESH,VISAKHAPATNAM,530,588.0,6.3784261836515865,q3,1,0,Amazon,1
408-4378624-3886712,2022-04-30,Cancelled,0,1,kurta,JNE,UTTAR PRADESH,GHAZIABAD,201,,0.0,,0,0,Amazon,0
408-2058872-0942730,2022-04-30,Shipped,0,0,kurta,JNE,ANDHRA PRADESH,VISAKHAPATNAM,531,329.0,5.799092654460526,q1,1,0,Amazon,1
408-2058872-0942730,2022-04-30,Shipped,0,0,kurta,JNE,ANDHRA PRADESH,VISAKHAPATNAM,531,259.0,5.560681631015528,q1,1,0,Amazon,1
404-5141245-7726736,2022-04-30,Shipped,0,0,kurta,JNE,ANDHRA PRADESH,MADHURAWADA,530,487.0,6.1903154058531475,q2,0,0,Amazon,1
405-5489495-6651552,2022-04-30,Shipped - Delivered to Buyer,0,0,Set,SET,UTTARAKHAND,ALMORA,263,549.0,6.309918278226516,q3,1,0,Merchant,1
171-6816175-3049154,2022-04-30,Shipped,0,0,Set,SET,ANDHRA PRADESH,PRODDATUR,516,626.0,6.440946540632921,q3,1,0,Amazon,1
408-7342331-1733136,2022-04-30,Cancelled,0,1,kurta,JNE,MAHARASHTRA,SHRIGONDA,413,,0.0,,0,0,Amazon,0
402-1721558-6618710,2022-04-30,Cancelled,0,1,kurta,J,TELANGANA,WARANGAL,506,570.48,6.348229452820346,q3,0,0,Merchant,0
406-2138801-8731538,2022-04-30,Shipped - Delivered to Buyer,0,0,kurta,JNE,TAMIL NADU,CHENNAI,600,319.0,5.768320995793772,q1,1,0,Merchant,1
407-1271803-1705135,2022-04-30,Shipped,0,0,Top,J,UTTAR PRADESH,FAIZABAD,224,518.0,6.251903883165888,q2,0,0,Amazon,1
408-0666162-2209142,2022-04-30,Shipped,0,0,Ethnic Dress,J,RAJASTHAN,BHIWADI,301,899.0,6.802394763324311,q5,1,0,Amazon,1
404-8344681-3468344,2022-04-30,Shipped,0,0,Western Dress,J,UTTAR PRADESH,NOIDA,201,807.0,6.694562058521095,q4,1,0,Amazon,1
405-5365766-8023559,2022-04-30,Shipped - Delivered to Buyer,0,0,Top,J,TELANGANA,WARANGAL,506,463.0,6.139884552226255,q2,1,0,Merchant,1
405-2729845-2846741,2022-04-30,Shipped,0,0,Set,SET,KARNATAKA,BANGALORE,560,653.0,6.483107351457199,q3,1,0,Amazon,1
407-7312276-7007540,2022-04-30,Shipped,0,0,Set,J,DELHI,NEW DELHI,110,1140.0,7.039660349862076,q5,1,0,Amazon,1
407-6910434-1793162,2022-04-30,Cancelled,0,1,kurta,MEN,ODISHA,SAMBALPUR,768,,0.0,,0,0,Amazon,0
407-7361111-8973957,2022-04-30,Shipped,0,0,Set,SET,UTTAR PRADESH,ALLAHABAD,211,1260.0,7.139660335964919,q5,1,0,Amazon,1
406-2349830-7633129,2022-04-30,Shipped,0,0,Set,SET,TELANGANA,WARANGAL,506,909.0,6.813444599510896,q5,1,0,Amazon,1
404-0553710-6997951,2022-04-30,Cancelled,0,1,kurta,MEN,Gujarat,Vadodara,390,,0.0,,0,0,Amazon,0
404-5682813-1706729,2022-04-30,Shipped,0,0,Set,SET,DELHI,NEW DELHI,110,968.0,6.876264611890766,q5,0,0,Amazon,1
171-0355946-6502712,2022-04-30,Shipped,0,0,Set,SET,MAHARASHTRA,NASHIK,422,788.0,6.670766320845874,q4,0,0,Amazon,1
405-5141255-1451535,2022-04-30,Shipped,0,0,Western Dress,JNE,WEST BENGAL,Malda,732,771.0,6.648984550024776,q4,1,0,Amazon,1
402-4712282-7084353,2022-04-30,Shipped,0,0,kurta,JNE,MAHARASHTRA,KALYAN,421,399.0,5.991464547107982,q1,0,0,Amazon,1
408-4929717-0247504,2022-04-30,Shipped,0,0,Set,SET,ANDHRA PRADESH,VISAKHAPATNAM,530,888.0,6.790097235513905,q5,1,0,Amazon,1
408-4929717-0247504,2022-04-30,Shipped,0,0,Set,SET,ANDHRA PRADESH,VISAKHAPATNAM,530,1221.0,7.108244139731541,q5,1,0,Amazon,1
407-0903946-2097158,2022-04-30,Shipped,0,0,kurta,JNE,KERALA,KOLLAM,690,399.0,5.991464547107982,q1,1,0,Amazon,1
403-3362230-0094739,2022-04-30,Shipped - Delivered to Buyer,0,0,kurta,JNE,KARNATAKA,BENGALURU,560,471.0,6.156978985585555,q2,1,0,Merchant,1
404-2227887-7441969,2022-04-30,Shipped,0,0,Set,SET,MAHARASHTRA,MUMBAI,400,545.0,6.302618975744905,q3,1,0,Amazon,1
407-8016372-7101131,2022-04-30,Shipped,0,0,Set,SET,UTTAR PRADESH,ALLAHABAD,211,968.0,6.876264611890766,q5,1,0,Amazon,1
407-2520173-9985116,2022-04-30,Shipped,0,0,kurta,MEN,Gujarat,SURAT,395,499.0,6.214608098422191,q2,1,0,Amazon,1
407-3257788-4892350,2022-04-30,Shipped,0,0,kurta,JNE,ANDHRA PRADESH,GUNTUR,522,399.0,5.991464547107982,q1,1,0,Amazon,1
408-7201398-0382766,2022-04-30,Shipped,0,0,kurta,JNE,Gujarat,AHMEDABAD,380,399.0,5.991464547107982,q1,0,0,Amazon,1
407-1181422-6183500,2022-04-30,Cancelled,0,1,Set,SET,KARNATAKA,MANGALURU,575,,0.0,,0,0,Amazon,0
408-6235816-9261123,2022-04-30,Cancelled,0,1,kurta,JNE,KARNATAKA,BENGALURU,560,471.0,6.156978985585555,q2,0,0,Amazon,1
408-5823964-2421167,2022-04-30,Cancelled,0,1,kurta,JNE,KARNATAKA,BENGALURU,560,386.67,5.960154496902889,q1,0,0,Merchant,0
408-2752424-0976355,2022-04-30,Cancelled,0,1,kurta,MEN,BIHAR,PATNA,800,452.38,6.11673063671018,q2,0,0,Merchant,0
408-1221783-1443515,2022-04-30,Shipped,0,0,Set,J,MAHARASHTRA,Pune,411,1112.0,7.014814351275545,q5,0,0,Amazon,1
404-3977029-4836363,2022-04-30,Cancelled,0,1,Set,SET,MAHARASHTRA,MUMBAI,400,,0.0,,0,0,Amazon,0
406-6993846-8855562,2022-04-30,Shipped,0,0,Set,SET,UTTARAKHAND,ROORKEE,247,1338.0,7.199678345691172,q5,1,0,Amazon,1
405-5018129-4536368,2022-04-30,Shipped,0,0,kurta,JNE,KARNATAKA,MANGALURU,575,517.0,6.249975242259483,q2,1,0,Amazon,1
406-3787864-1268330,2022-04-30,Shipped,0,0,kurta,JNE,MAHARASHTRA,NAGPUR,440,329.0,5.799092654460526,q1,1,0,Amazon,1
171-8504713-0689107,2022-04-30,Shipped,0,0,Western Dress,JNE,UTTAR PRADESH,NOIDA,201,725.0,6.587550014824796,q4,1,0,Amazon,1
402-9564773-1029157,2022-04-30,Shipped,0,0,kurta,JNE,RAJASTHAN,JAIPUR,303,363.0,5.8971538676367405,q1,1,0,Amazon,1
405-4930362-9342759,2022-04-30,Shipped,0,0,Set,SET,ODISHA,Golabandha,761,666.0,6.502790045915623,q3,1,0,Amazon,1
402-4976284-7401969,2022-04-30,Cancelled,0,1,Set,SET,HARYANA,ROHTAK,124,,0.0,,0,0,Amazon,0
404-7724638-9574745,2022-04-30,Cancelled,0,1,Western Dress,J,ANDHRA PRADESH,VISAKHAPATNAM,530,588.0,6.3784261836515865,q3,0,0,Amazon,1
408-9182064-6638723,2022-04-30,Shipped,0,0,Set,SET,TAMIL NADU,CHENNAI,600,449.0,6.1092475827643655,q2,1,0,Amazon,1
171-9163388-0505130,2022-04-30,Shipped,0,0,Set,SET,WEST BENGAL,BHATPARA,743,696.0,6.546785410760524,q4,1,0,Amazon,1
171-4737030-9245958,2022-04-30,Shipped,0,0,kurta,JNE,HIMACHAL PRADESH,Palampur,176,459.0,6.131226489483141,q2,1,0,Amazon,1
402-3889665-2309117,2022-04-30,Shipped - Delivered to Buyer,0,0,Top,J,MAHARASHTRA,PUNE,411,625.0,6.439350371100098,q3,1,0,Merchant,1
404-0489249-5004350,2022-04-30,Shipped,0,0,Set,J,UTTAR PRADESH,KANPUR,208,654.0,6.484635235635252,q3,1,0,Amazon,1
402-5795462-7785129,2022-04-30,Shipped,0,0,kurta,JNE,MAHARASHTRA,MUMBAI,400,399.0,5.991464547107982,q1,1,0,Amazon,1
402-1771710-8988341,2022-04-30,Shipped,0,0,Set,SET,TAMIL NADU,CHENNAI,600,595.0,6.39024066706535,q3,1,0,Amazon,1
407-8782240-5186712,2022-04-30,Shipped,0,0,Set,SET,MAHARASHTRA,NASHIK,422,597.0,6.393590753950631,q3,1,0,Amazon,1
406-1146171-5116306,2022-04-30,Shipped,0,0,Set,NW,DELHI,NEW DELHI,110,582.0,6.368187186350492,q3,1,0,Amazon,1
405-4454054-5598720,2022-04-30,Shipped,0,0,Set,SET,MAHARASHTRA,MUMBAI,400,612.0,6.418364935936212,q3,1,0,Amazon,1
405-0904566-9930731,2022-04-30,Shipped,0,0,Set,J,UTTAR PRADESH,GREATER NOIDA,201,654.0,6.484635235635252,q3,1,0,Amazon,1
405-2826187-6916328,2022-04-30,Shipped - Delivered to Buyer,0,0,Top,JNE,DELHI,NEW DELHI,110,518.0,6.251903883165888,q2,1,0,Merchant,1
404-5926144-0737167,2022-04-30,Shipped,0,0,Set,J,MADHYA PRADESH,PICHHORE SHIVPURI DISTRICT,473,820.0,6.710523109452428,q4,1,0,Amazon,1
407-0010438-9058746,2022-04-30,Shipped,0,0,Set,SET,UTTAR PRADESH,LUCKNOW,226,801.0,6.687108607866515,q4,1,0,Amazon,1
405-7730926-6032325,2022-04-30,Cancelled,0,1,kurta,J,UTTAR PRADESH,SIKANDARABAD INDUSTRIAL AREA,203,,0.0,,0,0,Merchant,0
171-6907664-7672347,2022-04-30,Shipped,0,0,kurta,JNE,MAHARASHTRA,MUMBAI,400,399.0,5.991464547107982,q1,0,0,Amazon,1
404-0072596-3665116,2022-04-30,Shipped,0,0,Top,J,KERALA,THIRUVANANTHAPURAM,695,540.0,6.293419278846481,q3,1,0,Amazon,1
406-8833813-9606757,2022-04-30,Shipped,0,0,Set,SET,KERALA,MAVELIKKARA,690,1338.0,7.199678345691172,q5,1,0,Amazon,1
408-3892272-6235562,2022-04-30,Shipped,0,0,Top,J,WEST BENGAL,KOLKATA,700,540.0,6.293419278846481,q3,1,0,Amazon,1
171-9584070-4172351,2022-04-30,Shipped,0,0,Top,J,TELANGANA,HYDERABAD,500,625.0,6.439350371100098,q3,0,0,Amazon,1
402-1220435-6391519,2022-04-30,Shipped - Delivered to Buyer,0,0,kurta,JNE,MAHARASHTRA,THANE,400,364.0,5.8998973535824915,q1,1,0,Merchant,1
404-5137687-4471546,2022-04-30,Shipped,0,0,kurta,JNE,CHHATTISGARH,BILASPUR,495,429.0,6.063785208687608,q2,0,0,Amazon,1
171-0065908-0641927,2022-04-30,Cancelled,0,1,Western Dress,J,KARNATAKA,MYSURU,570,899.0,6.802394763324311,q5,0,0,Amazon,1
403-3416641-9569165,2022-04-30,Cancelled,0,1,Set,J,PUNJAB,QADIAN,143,,0.0,,0,0,Amazon,0
404-1694926-5861958,2022-04-30,Shipped,0,0,Set,SET,ODISHA,BHUBANESWAR,751,1126.0,7.027314514039777,q5,1,0,Amazon,1
402-5767256-6281114,2022-04-30,Shipped,0,0,Set,SET,KARNATAKA,KALABURGI,585,788.0,6.670766320845874,q4,1,0,Amazon,1
403-3410267-0750719,2022-04-30,Shipped,0,0,Top,JNE,MAHARASHTRA,NAGPUR,440,432.0,6.07073772800249,q2,1,0,Amazon,1
403-9122678-2549117,2022-04-30,Shipped,0,0,kurta,JNE,TELANGANA,Rangareddy,509,376.0,5.932245187448011,q1,0,0,Amazon,1
402-7676083-2016323,2022-04-30,Shipped,0,0,Western Dress,JNE,TELANGANA,HYDERABAD,500,725.0,6.587550014824796,q4,1,0,Amazon,1
404-7830524-8312347,2022-04-30,Shipped,0,0,Western Dress,J,TELANGANA,HYDERABAD,500,744.0,6.61338421837956,q4,1,0,Amazon,1
402-5917367-0340362,2022-04-30,Shipped - Delivered to Buyer,0,0,Western Dress,J,Gujarat,Ahmedabad,380,825.0,6.716594773520978,q4,1,0,Merchant,1
408-7154712-8009957,2022-04-30,Shipped,0,0,kurta,JNE,TAMIL NADU,CHENNAI,600,399.0,5.991464547107982,q1,1,0,Amazon,1
402-6250862-8853945,2022-04-30,Shipped,0,0,Set,SET,TRIPURA,DHARMANAGAR,799,1213.0,7.101675971619444,q5,1,0,Amazon,1
406-0002738-2742749,2022-04-30,Shipped,0,0,Set,SET,RAJASTHAN,JAIPUR,302,680.0,6.523562306149512,q3,1,0,Amazon,1
403-6658095-6765934,2022-04-30,Shipped - Delivered to Buyer,0,0,kurta,J,HARYANA,Jhajjar,124,568.0,6.343880434126331,q3,1,0,Merchant,1
402-7304691-3952343,2022-04-30,Shipped,0,0,Set,SET,TELANGANA,HYDERABAD,500,939.0,6.84587987526405,q5,0,0,Amazon,1
407-6959497-7065133,2022-04-30,Shipped,0,0,Top,J,KARNATAKA,BENGALURU,560,279.0,5.634789603169249,q1,0,0,Amazon,1
406-0117804-3287554,2022-04-30,Shipped,0,0,kurta,PJNE,JHARKHAND,JAMSHEDPUR,831,487.0,6.1903154058531475,q2,0,0,Amazon,1
407-9183800-1013951,2022-04-30,Shipped,0,0,kurta,PJNE,Gujarat,VADODARA,390,458.0,6.129050210060545,q2,1,0,Amazon,1
405-0930056-6437111,2022-04-30,Shipped,0,0,kurta,PJNE,UTTAR PRADESH,MEERUT,250,692.0,6.541029999189903,q4,1,0,Amazon,1
405-7472210-7516334,2022-04-30,Shipped,0,0,Top,J,TELANGANA,HYDERABAD,500,469.0,6.152732694704104,q2,1,0,Amazon,1
408-4366006-6437145,2022-04-30,Shipped,0,0,kurta,JNE,UTTAR PRADESH,GHAZIABAD,201,399.0,5.991464547107982,q1,1,0,Amazon,1
403-3676854-5721945,2022-04-30,Shipped,0,0,Set,SET,UTTAR PRADESH,GORAKHPUR,273,599.0,6.396929655216146,q3,1,0,Amazon,1
408-6618566-0057120,2022-04-30,Shipped,0,0,Set,SET,KARNATAKA,MUDBIDRI,574,680.0,6.523562306149512,q3,1,0,Amazon,1
171-7822891-4076363,2022-04-30,Cancelled,0,1,Set,J,GOA,VASCO DA GAMA,403,,0.0,,0,0,Amazon,0
406-3015774-3032307,2022-04-30,Shipped,0,0,Saree,SAR,Gujarat,NADIAD,387,989.0,6.897704943128636,q5,0,0,Amazon,1
407-8925293-2306747,2022-04-30,Shipped - Delivered to Buyer,0,0,Set,J,JAMMU & KASHMIR,Janipur,180,1099.0,7.003065458786462,q5,1,0,Merchant,1
402-7386453-2621962,2022-04-30,Shipped,0,0,Western Dress,J,MAHARASHTRA,Nagpur,440,588.0,6.3784261836515865,q3,1,0,Amazon,1
405-7939580-3974740,2022-04-30,Cancelled,0,1,Set,J,UTTAR PRADESH,GHAZIABAD,201,999.0,6.907755278982137,q5,0,0,Amazon,1
402-1304000-3677964,2022-04-30,Shipped,0,0,kurta,JNE,TELANGANA,HYDERABAD,500,487.0,6.1903154058531475,q2,0,0,Amazon,1
403-7294367-8346767,2022-04-30,Shipped,0,0,Set,J,ANDHRA PRADESH,VISAKHAPATNAM,530,653.0,6.483107351457199,q3,1,0,Amazon,1
403-7294367-8346767,2022-04-30,Shipped,0,0,Set,NW,ANDHRA PRADESH,VISAKHAPATNAM,530,496.0,6.208590026096629,q2,1,0,Amazon,1
406-3069661-8992322,2022-04-30,Shipped,0,0,kurta,J,UTTAR PRADESH,KANPURKanpur,208,319.0,5.768320995793772,q1,1,0,Amazon,1
405-6917473-7822701,2022-04-30,Cancelled,0,1,Set,SET,TELANGANA,HYDERABAD,500,,0.0,,0,0,Amazon,0
405-2853362-9249968,2022-04-30,Shipped,0,0,Set,J,KARNATAKA,BENGALURU,560,1112.0,7.014814351275545,q5,0,0,Amazon,1
408-5685967-2798764,2022-04-30,Shipped,0,0,kurta,JNE,UTTAR PRADESH,Hamirpur,210,517.0,6.249975242259483,q2,1,0,Amazon,1
407-1521483-6236364,2022-04-30,Shipped,0,0,Set,SET,TAMIL NADU,CHENNAI,600,597.0,6.393590753950631,q3,1,0,Amazon,1
407-3192826-3199543,2022-04-30,Shipped,0,0,Set,SET,PUNJAB,AMRITSAR,143,1099.0,7.003065458786462,q5,1,0,Amazon,1
405-6680529-6046716,2022-04-30,Shipped,0,0,kurta,JNE,DELHI,NEW DELHI,110,375.0,5.929589143389895,q1,0,0,Amazon,1
407-3789221-2643524,2022-04-30,Shipped,0,0,kurta,JNE,TAMIL NADU,COIMBATORE,641,517.0,6.249975242259483,q2,0,0,Amazon,1
171-0201364-0214715,2022-04-30,Shipped,0,0,Set,SET,RAJASTHAN,PALI,306,692.0,6.541029999189903,q4,1,0,Amazon,1
404-5782230-8762723,2022-04-30,Shipped,0,0,kurta,JNE,MAHARASHTRA,BASSEIN,401,486.0,6.18826412308259,q2,1,0,Amazon,1
404-2222453-6739538,2022-04-30,Shipped - Delivered to Buyer,0,0,Set,SET,MAHARASHTRA,BASSEIN,401,696.0,6.546785410760524,q4,1,0,Merchant,1
408-7009060-8830716,2022-04-30,Shipped,0,0,Set,SET,KERALA,THIRUVALLA,689,1115.0,7.017506142941256,q5,1,0,Amazon,1
402-3663529-2350713,2022-04-30,Shipped,0,0,Set,SET,UTTAR PRADESH,GORAKHPUR,273,597.0,6.393590753950631,q3,1,0,Amazon,1
406-6439645-8186752,2022-04-30,Shipped,0,0,Set,SET,MANIPUR,IMPHAL,795,1115.0,7.017506142941256,q5,1,0,Amazon,1
407-1487637-6585969,2022-04-30,Cancelled,0,1,kurta,JNE,TAMIL NADU,VELLORE,632,329.0,5.799092654460526,q1,0,0,Amazon,1
407-0632004-8093157,2022-04-30,Cancelled,0,1,kurta,JNE,TAMIL NADU,VELLORE,632,318.0,5.765191102784844,q1,0,0,Amazon,1
402-9211704-8331565,2022-04-30,Shipped - Delivered to Buyer,0,0,kurta,JNE,TAMIL NADU,AMBASAMUDRAM,627,499.0,6.214608098422191,q2,1,0,Merchant,1
402-3020801-9225151,2022-04-30,Cancelled,0,1,Set,SET,KERALA,Pathanamthitta,689,597.0,6.393590753950631,q3,0,0,Amazon,1
403-3917470-4280308,2022-04-30,Shipped - Delivered to Buyer,0,0,kurta,JNE,TAMIL NADU,Chennai,600,487.0,6.1903154058531475,q2,1,0,Merchant,1
403-3917470-4280308,2022-04-30,Shipped - Delivered to Buyer,0,0,kurta,JNE,TAMIL NADU,Chennai,600,363.0,5.8971538676367405,q1,1,0,Merchant,1
171-2628906-0061939,2022-04-30,Shipped,0,0,kurta,JNE,DELHI,NEW DELHI,110,459.0,6.131226489483141,q2,0,0,Amazon,1
406-3009249-7653118,2022-04-30,Shipped,0,0,kurta,JNE,ANDHRA PRADESH,Vizianagaram,535,486.0,6.18826412308259,q2,0,0,Amazon,1
171-6395980-8828309,2022-04-30,Shipped,0,0,kurta,JNE,ANDHRA PRADESH,CHITTOOR district,517,568.0,6.343880434126331,q3,0,0,Amazon,1
404-1435490-1121140,2022-04-30,Shipped - Delivered to Buyer,0,0,kurta,MEN,KARNATAKA,BENGALURU,560,562.0,6.333279628139691,q3,1,0,Merchant,1
402-7913336-9467565,2022-04-30,Shipped,0,0,Set,SET,UTTAR PRADESH,RAE BARELI,229,995.0,6.903747257584598,q5,1,0,Amazon,1
408-7264030-5002700,2022-04-30,Cancelled,0,1,Set,J,BIHAR,Benipur,847,1112.0,7.014814351275545,q5,0,0,Amazon,1
408-9019983-8862750,2022-04-30,Shipped,0,0,Set,SET,DELHI,NEW DELHI,110,635.0,6.455198563340122,q3,0,0,Amazon,1
405-1990663-9192363,2022-04-30,Shipped,0,0,kurta,JNE,UTTARAKHAND,KHATIMA,262,399.0,5.991464547107982,q1,0,0,Amazon,1
403-5876876-0701925,2022-04-30,Shipped,0,0,kurta,JNE,TAMIL NADU,ERODE,638,363.0,5.8971538676367405,q1,1,0,Amazon,1
405-1437048-4974713,2022-04-30,Cancelled,0,1,Set,SET,JHARKHAND,BOKARO STEEL CITY,827,,0.0,,0,0,Amazon,0
402-9348518-5984354,2022-04-30,Cancelled,0,1,kurta,JNE,RAJASTHAN,JAIPUR,303,,0.0,,0,0,Amazon,0
402-9348518-5984354,2022-04-30,Cancelled,0,1,kurta,JNE,RAJASTHAN,JAIPUR,303,,0.0,,0,0,Amazon,0
406-8892825-4377127,2022-04-30,Cancelled,0,1,Set,SET,HARYANA,GURUGRAM,122,,0.0,,0,0,Amazon,0
406-7955475-7819507,2022-04-30,Shipped,0,0,kurta,JNE,KARNATAKA,BENGALURU,560,458.0,6.129050210060545,q2,0,0,Amazon,1
405-6675358-3715504,2022-04-30,Shipped,0,0,Set,SET,MAHARASHTRA,Ulhasnagar,421,597.0,6.393590753950631,q3,0,0,Amazon,1
171-7920358-6691543,2022-04-30,Shipped,0,0,Set,SET,KARNATAKA,BENGALURU,560,597.0,6.393590753950631,q3,0,0,Amazon,1
406-7722012-4093964,2022-04-30,Shipped - Delivered to Buyer,0,0,kurta,J,MADHYA PRADESH,INDORE,452,1249.0,7.1308988302963465,q5,1,0,Merchant,1
408-7616878-8551517,2022-04-30,Shipped,0,0,Set,SET,PUNJAB,HALWARA,141,801.0,6.687108607866515,q4,1,0,Amazon,1
408-8068196-8707526,2022-04-30,Cancelled,0,1,kurta,JNE,MAHARASHTRA,THANE,401,,0.0,,0,0,Amazon,0
407-2512537-5717124,2022-04-30,Shipped,0,0,kurta,JNE,KARNATAKA,BENGALURU,560,393.0,5.976350909297934,q1,1,0,Amazon,1
406-3257301-5556318,2022-04-30,Shipped,0,0,Western Dress,J,TAMIL NADU,"Neelakudi, Thiruvarur",610,744.0,6.61338421837956,q4,1,0,Amazon,1
402-7784273-3159533,2022-04-30,Shipped,0,0,Top,J,RAJASTHAN,JAIPUR,302,540.0,6.293419278846481,q3,1,0,Amazon,1
403-9745522-7408318,2022-04-30,Shipped,0,0,Set,J,ODISHA,CUTTACK,753,696.0,6.546785410760524,q4,1,0,Amazon,1
405-7523500-6097912,2022-04-30,Shipped,0,0,Top,J,WEST BENGAL,KOLKATA,700,512.0,6.240275845170769,q2,1,0,Amazon,1
171-0947491-1860302,2022-04-30,Shipped,0,0,Set,J,MAHARASHTRA,MUMBAI,400,922.0,6.827629234502852,q5,1,0,Amazon,1
407-9614308-2636322,2022-04-30,Shipped,0,0,Set,J,ANDHRA PRADESH,VIJAYAWADA,520,818.0,6.70808408385307,q4,1,0,Amazon,1
171-6153595-4758722,2022-04-30,Shipped,0,0,Set,J,MAHARASHTRA,VASAI VIRAR,401,2224.0,7.707512194600341,q5,1,0,Amazon,2
402-0721169-8180327,2022-04-30,Shipped,0,0,Set,J,WEST BENGAL,KOLKATA,700,1112.0,7.014814351275545,q5,0,0,Amazon,1
406-9129776-9779513,2022-04-30,Shipped,0,0,Set,SET,HIMACHAL PRADESH,SHIMLA,171,792.0,6.675823221634848,q4,1,0,Amazon,1
406-4276465-0364334,2022-04-30,Shipped,0,0,Set,SET,DELHI,NEW DELHI,110,824.0,6.715383386334681,q4,0,0,Amazon,1
402-8123545-4535558,2022-04-30,Cancelled,0,1,kurta,JNE,TAMIL NADU,COIMBATORE,641,358.1,5.883600918228739,q1,0,0,Merchant,0
408-0987613-5525924,2022-04-30,Cancelled,0,1,Set,J,BIHAR,DARBHANGA,846,,0.0,,0,0,Amazon,0
406-0038568-0852338,2022-04-30,Shipped,0,0,Set,SET,WEST BENGAL,BURDWAN,713,759.0,6.633318433280377,q4,1,0,Amazon,1
403-5684700-6277902,2022-04-30,Shipped,0,0,Western Dress,J,TELANGANA,HYDERABAD,500,744.0,6.61338421837956,q4,1,0,Amazon,1
403-2561797-6193141,2022-04-30,Shipped,0,0,Set,J,WEST BENGAL,KOLKATA,700,1140.0,7.039660349862076,q5,0,0,Amazon,1
406-4980665-9833930,2022-04-30,Shipped,0,0,Western Dress,J,TELANGANA,Secunderabad,500,625.0,6.439350371100098,q3,1,0,Amazon,1
405-9201316-2870743,2022-04-30,Shipped - Delivered to Buyer,0,0,Top,J,MAHARASHTRA,MIHAN,441,518.0,6.251903883165888,q2,1,1,Merchant,1
408-7966317-7457928,2022-04-30,Shipped - Delivered to Buyer,0,0,Set,SET,DELHI,NEW DELHI,110,759.0,6.633318433280377,q4,1,0,Merchant,1
171-0983521-4425145,2022-04-30,Shipped,0,0,Western Dress,J,TELANGANA,HYDERABAD,500,744.0,6.61338421837956,q4,1,0,Amazon,1
403-5847066-2369918,2022-04-30,Shipped,0,0,Set,J,UTTAR PRADESH,KHURJA,203,1112.0,7.014814351275545,q5,1,0,Amazon,1
404-9771516-3764302,2022-04-30,Shipped,0,0,Set,J,WEST BENGAL,KOLKATA,700,1140.0,7.039660349862076,q5,1,0,Amazon,1
405-0534257-8109938,2022-04-30,Shipped,0,0,kurta,JNE,DELHI,NEW DELHI,110,486.0,6.18826412308259,q2,0,0,Amazon,1
171-5702903-4981901,2022-04-30,Shipped - Delivered to Buyer,0,0,Set,SET,UTTAR PRADESH,NOIDA,201,888.0,6.790097235513905,q5,1,0,Merchant,1
406-6474243-1265115,2022-04-30,Shipped,0,0,Set,SET,LADAKH,Choglamsar,194,666.0,6.502790045915623,q3,1,0,Amazon,1
405-3523941-5355524,2022-04-30,Shipped - Delivered to Buyer,0,0,kurta,JNE,TELANGANA,HYDERABAD,502,487.0,6.1903154058531475,q2,1,0,Merchant,1
405-3523941-5355524,2022-04-30,Shipped - Delivered to Buyer,0,0,Set,SET,TELANGANA,HYDERABAD,502,597.0,6.393590753950631,q3,1,0,Merchant,1
403-5082537-8368348,2022-04-30,Shipped - Delivered to Buyer,0,0,kurta,JNE,KARNATAKA,BENGALURU,560,363.0,5.8971538676367405,q1,1,0,Merchant,1
408-5947919-3506726,2022-04-30,Shipped,0,0,Top,J,MAHARASHTRA,YAVATMAL,445,512.0,6.240275845170769,q2,1,0,Amazon,1
408-6114783-6199528,2022-04-30,Shipped,0,0,Western Dress,J,UTTAR PRADESH,Allahabad,212,377.0,5.934894195619588,q1,1,0,Amazon,1
408-6114783-6199528,2022-04-30,Shipped,0,0,Western Dress,J,UTTAR PRADESH,Allahabad,212,377.0,5.934894195619588,q1,1,0,Amazon,1
408-9630926-2785104,2022-04-30,Cancelled,0,1,Set,SET,ODISHA,REDHAKHOL,768,,0.0,,0,0,Amazon,0
403-5342526-7867558,2022-04-30,Cancelled,0,1,kurta,MEN,HARYANA,FARIDABAD,121,,0.0,,0,0,Merchant,0
404-2255125-4533134,2022-04-30,Shipped,0,0,Set,SET,TAMIL NADU,CHENNAI,600,967.0,6.875232087276577,q5,1,0,Amazon,1
171-5594281-0212357,2022-04-30,Shipped - Delivered to Buyer,0,0,Set,SET,MEGHALAYA,SHILLONG,793,788.0,6.670766320845874,q4,1,0,Merchant,1
405-6041428-1576346,2022-04-30,Cancelled,0,1,Set,SET,HARYANA,GURUGRAM,122,,0.0,,0,0,Amazon,0
405-5933927-3375545,2022-04-30,Cancelled,0,1,Set,SET,HARYANA,GURUGRAM,122,1058.93,6.965958197863717,q5,0,0,Merchant,0
405-5933927-3375545,2022-04-30,Cancelled,0,1,Set,SET,HARYANA,GURUGRAM,122,1249.11,7.130986814706855,q5,0,0,Merchant,0
405-3785331-3948333,2022-04-30,Shipped,0,0,Set,SET,TELANGANA,HYDERABAD,500,597.0,6.393590753950631,q3,1,0,Amazon,1
404-8711304-7038702,2022-04-30,Shipped,0,0,Set,J,TELANGANA,HYDERABAD,500,1112.0,7.014814351275545,q5,0,0,Amazon,1
405-2872303-9941933,2022-04-30,Cancelled,0,1,kurta,PJNE,Gujarat,AHMEDABAD,380,700.96,6.553876453647269,q4,0,0,Merchant,0
402-6464284-9643538,2022-04-30,Shipped,0,0,Set,SET,UTTAR PRADESH,FARIDPUR BAREILLY DISTRICT,243,1213.0,7.101675971619444,q5,1,0,Amazon,1
405-7534473-2900341,2022-04-30,Shipped,0,0,kurta,JNE,ODISHA,Rourkela,769,517.0,6.249975242259483,q2,0,0,Amazon,1
407-2944929-6438702,2022-04-30,Shipped - Delivered to Buyer,0,0,Set,SET,ANDHRA PRADESH,VIJAYAWADA,520,662.0,6.4967749901858625,q3,1,0,Merchant,1
171-0362861-1228360,2022-04-30,Shipped,0,0,kurta,J,ANDHRA PRADESH,VIZIANAGARAM,535,568.0,6.343880434126331,q3,1,0,Amazon,1
404-5775216-5570767,2022-04-30,Shipped,0,0,kurta,JNE,RAJASTHAN,JAIPUR,302,476.0,6.1675164908883415,q2,0,0,Amazon,1
171-2754000-1881907,2022-04-30,Shipped - Delivered to Buyer,0,0,kurta,JNE,KARNATAKA,DHARWAD,580,316.0,5.75890177387728,q1,1,0,Merchant,1
408-2784061-1695540,2022-04-30,Shipped,0,0,kurta,JNE,HIMACHAL PRADESH,DAULATPUR,177,486.0,6.18826412308259,q2,0,0,Amazon,1
403-8794854-0523518,2022-04-30,Shipped,0,0,kurta,JNE,TELANGANA,HYDERABAD,500,517.0,6.249975242259483,q2,1,0,Amazon,1
404-4680896-8003501,2022-04-30,Cancelled,0,1,Set,SET,MAHARASHTRA,JALNA,431,1186.0,7.079184394609668,q5,0,0,Amazon,1
405-8314081-3929157,2022-04-30,Shipped,0,0,kurta,JNE,TELANGANA,KARIMNAGAR,505,376.0,5.932245187448011,q1,1,0,Amazon,1
406-1694518-5618746,2022-04-30,Cancelled,0,1,Top,JNE,CHHATTISGARH,BILASPUR,495,,0.0,,0,0,Amazon,0
408-5094125-1397968,2022-04-30,Shipped,0,0,Set,SET,DELHI,NEW DELHI,110,715.0,6.573680166960646,q4,1,0,Amazon,1
402-6569321-5308311,2022-04-30,Shipped,0,0,Set,J,MAHARASHTRA,"ARVI,Dist- wardha",442,1065.0,6.97166860472579,q5,1,0,Amazon,1
406-5828889-4813915,2022-04-30,Shipped,0,0,Western Dress,J,UTTAR PRADESH,GHAZIABAD,201,744.0,6.61338421837956,q4,0,0,Amazon,1
402-4832715-9188334,2022-04-30,Shipped,0,0,kurta,JNE,WEST BENGAL,Kurseong,734,399.0,5.991464547107982,q1,1,0,Amazon,1
408-9898972-5365901,2022-04-30,Shipped - Delivered to Buyer,0,0,Set,SET,TELANGANA,HYDERABAD,500,1099.0,7.003065458786462,q5,1,0,Merchant,1
408-7275140-3593905,2022-04-30,Shipped,0,0,Western Dress,J,MAHARASHTRA,NANDURA,443,744.0,6.61338421837956,q4,1,0,Amazon,1
405-7907546-1330739,2022-04-30,Shipped,0,0,kurta,JNE,DADRA AND NAGAR,DIU,362,329.0,5.799092654460526,q1,1,0,Amazon,1
405-7732656-4733913,2022-04-30,Shipped - Delivered to Buyer,0,0,kurta,JNE,DADRA AND NAGAR,DIU,362,362.0,5.8944028342648505,q1,1,0,Merchant,1
405-7732656-4733913,2022-04-30,Shipped - Delivered to Buyer,0,0,kurta,JNE,DADRA AND NAGAR,DIU,362,342.0,5.83773044716594,q1,1,0,Merchant,1
405-7732656-4733913,2022-04-30,Shipped - Delivered to Buyer,0,0,kurta,JNE,DADRA AND NAGAR,DIU,362,363.0,5.8971538676367405,q1,1,0,Merchant,1
171-5431988-8713937,2022-04-30,Shipped,0,0,kurta,JNE,MAHARASHTRA,MUMBAI 400101,400,459.0,6.131226489483141,q2,0,0,Amazon,1
171-6687746-4020351,2022-04-30,Shipped,0,0,Set,SET,UTTAR PRADESH,GHAZIABAD,201,888.0,6.790097235513905,q5,1,0,Amazon,1
403-3045245-2207560,2022-04-30,Shipped,0,0,kurta,JNE,DELHI,NEW DELHI,110,376.0,5.932245187448011,q1,1,0,Amazon,1
405-4991185-1773106,2022-04-30,Shipped,0,0,Set,SET,MAHARASHTRA,KALYAN,421,599.0,6.396929655216146,q3,0,0,Amazon,1
403-6782192-8968326,2022-04-30,Shipped,0,0,Set,SET,TAMIL NADU,Chennai,600,916.0,6.821107472256465,q5,1,0,Amazon,1
171-6640050-9516349,2022-04-30,Shipped,0,0,kurta,JNE,TAMIL NADU,PONNERI,601,329.0,5.799092654460526,q1,1,0,Amazon,1
402-5014156-9264316,2022-04-30,Cancelled,0,1,kurta,JNE,TELANGANA,HYDERABAD,500,,0.0,,0,0,Amazon,0
408-8342548-5107567,2022-04-30,Shipped,0,0,Set,SET,HIMACHAL PRADESH,DAULATPUR,177,626.0,6.440946540632921,q3,1,0,Amazon,1
404-7769149-3935539,2022-04-30,Shipped,0,0,Western Dress,JNE,WEST BENGAL,SERAMPORE,712,725.0,6.587550014824796,q4,1,0,Amazon,1
402-5903377-6817119,2022-04-30,Cancelled,0,1,kurta,J,KARNATAKA,Kinnigoli,574,,0.0,,0,0,Amazon,0
405-6584819-2669165,2022-04-30,Shipped,0,0,Set,J,RAJASTHAN,JAIPUR,302,1112.0,7.014814351275545,q5,1,0,Amazon,1
405-9099443-7445111,2022-04-30,Cancelled,0,1,Set,SET,UTTAR PRADESH,MIRZAPUR CUM VINDHYACHAL,231,,0.0,,0,0,Amazon,0
408-3810333-4165930,2022-04-30,Shipped - Delivered to Buyer,0,0,kurta,JNE,DELHI,NEW DELHI,110,329.0,5.799092654460526,q1,1,0,Merchant,1
405-0881145-7742744,2022-04-30,Shipped,0,0,Top,JNE,TELANGANA,HYDERABAD,500,487.0,6.1903154058531475,q2,0,0,Amazon,1
403-7153786-2898705,2022-04-30,Shipped,0,0,Set,SET,MADHYA PRADESH,INDORE,452,801.0,6.687108607866515,q4,1,0,Amazon,1
408-2042136-9817130,2022-04-30,Shipped,0,0,kurta,JNE,KARNATAKA,BENGALURU,560,352.0,5.8664680569332965,q1,0,0,Amazon,1
408-2042136-9817130,2022-04-30,Shipped,0,0,kurta,JNE,KARNATAKA,BENGALURU,560,442.0,6.093569770045136,q2,0,0,Amazon,1
407-8176931-5052349,2022-04-30,Cancelled,0,1,kurta,JNE,TAMIL NADU,PONNERI,601,280.95,5.641729793548212,q1,0,0,Merchant,0
407-3305249-3442711,2022-04-30,Cancelled,0,1,kurta,JNE,TAMIL NADU,PONNERI,601,283.0,5.648974238161206,q1,0,0,Amazon,1
403-5215681-9527524,2022-04-30,Shipped,0,0,Set,J,ANDHRA PRADESH,VIJAYAWADA,520,654.0,6.484635235635252,q3,1,0,Amazon,1
408-3749874-2210712,2022-04-30,Shipped,0,0,kurta,JNE,ASSAM,DIBRUGARH,786,399.0,5.991464547107982,q1,0,0,Amazon,1
406-6143137-4946754,2022-04-30,Shipped,0,0,Blouse,BL,TELANGANA,HYDERABAD,500,419.0,6.040254711277414,q2,0,0,Amazon,1
403-3797724-0896348,2022-04-30,Shipped,0,0,Set,J,MAHARASHTRA,THANE,401,654.0,6.484635235635252,q3,1,0,Amazon,1
407-3778695-8884327,2022-04-30,Shipped,0,0,Western Dress,J,KARNATAKA,BENGALURU,560,744.0,6.61338421837956,q4,1,0,Amazon,1
402-6454286-3321909,2022-04-30,Shipped - Delivered to Buyer,0,0,kurta,JNE,WEST BENGAL,Deganga,743,399.0,5.991464547107982,q1,1,0,Merchant,1
402-9138974-2250726,2022-04-30,Shipped,0,0,kurta,MEN,WEST BENGAL,KOLKATA,700,452.0,6.115892125483034,q2,1,0,Amazon,1
402-9138974-2250726,2022-04-30,Shipped,0,0,kurta,MEN,WEST BENGAL,KOLKATA,700,499.0,6.214608098422191,q2,1,0,Amazon,1
408-4193711-8156307,2022-04-30,Shipped - Delivered to Buyer,0,0,Blouse,J,ASSAM,KARIMGANJ,788,0.0,0.0,q1,1,0,Merchant,1
404-5546156-4947565,2022-04-30,Shipped - Delivered to Buyer,0,0,kurta,JNE,Gujarat,AHMEDABAD,382,471.0,6.156978985585555,q2,1,0,Merchant,1
408-0902233-8069950,2022-04-30,Shipped - Returned to Seller,1,0,kurta,JNE,KARNATAKA,BENGALURU,560,0.0,0.0,q1,1,0,Merchant,1
171-7821391-2118700,2022-04-30,Shipped,0,0,kurta,PJNE,KERALA,ALATHUR,678,431.0,6.068425588244111,q2,0,0,Amazon,1
171-3764328-7297105,2022-04-30,Shipped,0,0,kurta,JNE,KERALA,Aluva,683,511.0,6.238324625039508,q2,1,0,Amazon,1
406-5700980-4110708,2022-04-30,Shipped,0,0,Set,J,TAMIL NADU,CHENNAI,600,1463.0,7.288927694521257,q5,1,0,Amazon,1
406-4317049-7021127,2022-04-30,Shipped,0,0,kurta,JNE,UTTAR PRADESH,AZAMGARH,276,517.0,6.249975242259483,q2,1,0,Amazon,1
408-0738576-5377963,2022-04-30,Shipped,0,0,kurta,JNE,TELANGANA,HYDERABAD,500,399.0,5.991464547107982,q1,1,0,Amazon,1
171-6112262-4294731,2022-04-30,Cancelled,0,1,kurta,JNE,KERALA,CHENGAMANAD,683,,0.0,,0,0,Amazon,0
402-0069978-7444377,2022-04-30,Shipped - Delivered to Buyer,0,0,kurta,JNE,TELANGANA,HYDERABAD,500,399.0,5.991464547107982,q1,1,0,Merchant,1
407-6451607-8520320,2022-04-30,Shipped,0,0,Set,SET,DELHI,NEW DELHI,110,788.0,6.670766320845874,q4,1,0,Amazon,1
407-6825420-7253915,2022-04-30,Cancelled,0,1,Top,J,MAHARASHTRA,NAGPUR,441,493.33,6.20320328319525,q2,0,0,Merchant,0
171-2497796-8649164,2022-04-30,Shipped,0,0,Set,SET,TELANGANA,NIZAMABAD,503,597.0,6.393590753950631,q3,1,0,Amazon,1
405-3921640-0927553,2022-04-30,Shipped - Delivered to Buyer,0,0,Set,SET,MAHARASHTRA,LONI KALBHOR,412,666.0,6.502790045915623,q3,1,0,Merchant,1
402-8291421-3780342,2022-04-30,Shipped,0,0,Set,J,JHARKHAND,KHELARI,829,1112.0,7.014814351275545,q5,1,0,Amazon,1
402-8291421-3780342,2022-04-30,Shipped,0,0,Set,J,JHARKHAND,KHELARI,829,696.0,6.546785410760524,q4,1,0,Amazon,1
407-4549939-3485945,2022-04-30,Shipped,0,0,Set,SET,MAHARASHTRA,Mira road,401,499.0,6.214608098422191,q2,0,0,Amazon,1
403-3597087-4521139,2022-04-30,Shipped,0,0,kurta,JNE,KARNATAKA,BENGALURU,560,414.0,6.028278520230698,q2,1,0,Amazon,1
171-9016873-6719541,2022-04-30,Shipped,0,0,Set,SET,UTTAR PRADESH,GHAZIPUR,233,1099.0,7.003065458786462,q5,1,0,Amazon,1
171-3693730-4530754,2022-04-30,Cancelled,0,1,Set,SET,WEST BENGAL,KOLKATA,700,,0.0,,0,0,Amazon,0
404-0541321-3023502,2022-04-30,Shipped,0,0,Set,J,MAHARASHTRA,PUNE,411,653.0,6.483107351457199,q3,1,0,Amazon,1
402-1600884-0332308,2022-04-30,Shipped,0,0,kurta,JNE,ODISHA,CUTTACK,753,352.0,5.8664680569332965,q1,1,0,Amazon,1
402-0229417-2609936,2022-04-30,Shipped,0,0,Western Dress,J,KARNATAKA,KALABURGI,585,744.0,6.61338421837956,q4,1,0,Amazon,1
403-0131049-2132337,2022-04-30,Shipped,0,0,kurta,JNE,DELHI,NEW DELHI,110,399.0,5.991464547107982,q1,1,0,Amazon,1
171-4573948-3966741,2022-04-30,Shipped,0,0,Set,J,BIHAR,KATIHAR,855,1438.0,7.271703706887368,q5,1,0,Amazon,1
171-0211853-1251554,2022-04-30,Shipped - Delivered to Buyer,0,0,Set,J,BIHAR,KATIHAR,855,1173.0,7.068172000388042,q5,1,0,Merchant,1
404-3699924-2837921,2022-04-30,Shipped - Delivered to Buyer,0,0,kurta,JNE,KARNATAKA,BENGALURU,560,459.0,6.131226489483141,q2,1,0,Merchant,1
405-0457160-2123517,2022-04-30,Shipped,0,0,Set,J,TAMIL NADU,NAGERCOIL,629,922.0,6.827629234502852,q5,1,0,Amazon,1
408-6862973-4520309,2022-04-30,Shipped,0,0,Set,J,MAHARASHTRA,MUMBAI,400,653.0,6.483107351457199,q3,0,0,Amazon,1
171-7679971-0310752,2022-04-30,Cancelled,0,1,kurta,JNE,TELANGANA,KOTHAGUDEM,507,363.0,5.8971538676367405,q1,0,0,Amazon,1
171-3669717-3172330,2022-04-30,Shipped,0,0,kurta,MEN,RAJASTHAN,BHINDER,313,499.0,6.214608098422191,q2,1,0,Amazon,1
403-9724686-7777903,2022-04-30,Shipped,0,0,kurta,PJNE,Gujarat,AHMEDABAD,382,486.0,6.18826412308259,q2,0,0,Amazon,1
403-8306900-1833930,2022-04-30,Shipped - Delivered to Buyer,0,0,kurta,PJNE,Gujarat,AHMEDABAD,382,692.0,6.541029999189903,q4,1,0,Merchant,1
403-1962150-0618711,2022-04-30,Shipped,0,0,kurta,JNE,TAMIL NADU,CHENNAI,600,295.0,5.69035945432406,q1,1,0,Amazon,1
403-1632972-2861963,2022-04-30,Shipped - Delivered to Buyer,0,0,kurta,JNE,TAMIL NADU,CHENNAI,600,363.0,5.8971538676367405,q1,1,0,Merchant,1
403-9533906-1728355,2022-04-30,Shipped,0,0,kurta,JNE,PUNJAB,JALANDHAR,144,399.0,5.991464547107982,q1,1,0,Amazon,1
171-1269122-8425943,2022-04-30,Shipped,0,0,Set,J,ANDHRA PRADESH,NARASAPUR,534,950.0,6.85751406254539,q5,1,0,Amazon,1
171-2937341-8703561,2022-04-30,Shipped,0,0,kurta,JNE,KERALA,PALAKKAD,678,399.0,5.991464547107982,q1,1,0,Amazon,1
406-5206188-8892351,2022-04-30,Shipped,0,0,Western Dress,J,ANDHRA PRADESH,PARVATHIPURAM,535,625.0,6.439350371100098,q3,1,0,Amazon,1
405-5228379-1065951,2022-04-30,Shipped,0,0,Set,SET,WEST BENGAL,BIDHAN NAGAR,700,1115.0,7.017506142941256,q5,1,0,Amazon,1
406-3236326-4964331,2022-04-30,Shipped - Delivered to Buyer,0,0,kurta,JNE,MAHARASHTRA,PUNE,411,666.0,6.502790045915623,q3,1,0,Merchant,1
408-3364449-3401947,2022-04-30,Cancelled,0,1,Set,SET,MAHARASHTRA,Mumbai,400,,0.0,,0,0,Amazon,0
402-7682157-9147503,2022-04-30,Shipped - Delivered to Buyer,0,0,Set,J,TELANGANA,HYDERABAD,500,696.0,6.546785410760524,q4,1,0,Merchant,1
405-1515003-2007535,2022-04-30,Shipped,0,0,Top,J,TELANGANA,HYDERABAD,500,519.0,6.253828811575473,q2,1,0,Amazon,1
408-8569813-9288333,2022-04-30,Shipped - Delivered to Buyer,0,0,Set,J,MADHYA PRADESH,SATNA,485,1199.0,7.090076835776092,q5,1,0,Merchant,1
404-0867714-0772302,2022-04-30,Shipped,0,0,Set,SET,TAMIL NADU,Padur,603,563.0,6.335054251498059,q3,1,0,Amazon,1
404-0867714-0772302,2022-04-30,Shipped,0,0,kurta,JNE,TAMIL NADU,Padur,603,399.0,5.991464547107982,q1,1,0,Amazon,1
404-0867714-0772302,2022-04-30,Shipped,0,0,kurta,JNE,TAMIL NADU,Padur,603,487.0,6.1903154058531475,q2,1,0,Amazon,1
402-1704468-7240327,2022-04-30,Shipped - Delivered to Buyer,0,0,kurta,JNE,TAMIL NADU,MADURAI,625,568.0,6.343880434126331,q3,1,0,Merchant,1
406-5757669-2996307,2022-04-30,Shipped,0,0,kurta,JNE,MAHARASHTRA,MUMBAI,400,399.0,5.991464547107982,q1,0,0,Amazon,1
407-1492215-2982709,2022-04-30,Shipped,0,0,kurta,JNE,DELHI,NEW DELHI,110,291.0,5.676753802268282,q1,1,0,Amazon,1
171-2119982-7294757,2022-04-30,Shipped,0,0,Western Dress,J,UTTAR PRADESH,BALLIA,277,744.0,6.61338421837956,q4,1,0,Amazon,1
407-1684475-5197113,2022-04-30,Shipped,0,0,Set,J,MAHARASHTRA,PUNE,411,696.0,6.546785410760524,q4,0,0,Amazon,1
404-4568279-0273125,2022-04-30,Shipped,0,0,Top,J,HARYANA,FARIDABAD,121,463.0,6.139884552226255,q2,0,0,Amazon,1
403-9752008-2541919,2022-04-30,Cancelled,0,1,Top,JNE,MAHARASHTRA,KALYAN,421,469.52,6.153838442742908,q2,0,0,Merchant,0
403-3896686-3972343,2022-04-30,Shipped,0,0,Top,JNE,MAHARASHTRA,KALYAN,421,339.0,5.8289456176102075,q1,0,0,Amazon,1
408-5238024-3207538,2022-04-30,Shipped - Delivered to Buyer,0,0,Set,SET,TELANGANA,DEVARAKONDA,508,680.0,6.523562306149512,q3,1,0,Merchant,1
403-9336057-8075519,2022-04-30,Shipped,0,0,Set,SET,HARYANA,GURUGRAM,122,759.0,6.633318433280377,q4,1,0,Amazon,1
406-6070472-3313109,2022-04-30,Shipped,0,0,Set,SET,KERALA,THRISSUR,680,626.0,6.440946540632921,q3,1,0,Amazon,1
407-0828621-5564309,2022-04-30,Shipped - Delivered to Buyer,0,0,kurta,JNE,UTTARAKHAND,DEHRADUN,248,399.0,5.991464547107982,q1,1,0,Merchant,1
402-7281943-2634753,2022-04-30,Shipped,0,0,Top,J,MAHARASHTRA,MUMBAI,400,599.0,6.396929655216146,q3,0,0,Amazon,1
408-3364643-8111517,2022-04-30,Shipped,0,0,kurta,JNE,DELHI,NEW DELHI,110,399.0,5.991464547107982,q1,0,0,Amazon,1
402-9327280-6831502,2022-04-30,Shipped,0,0,Set,SET,KARNATAKA,Bangalore,560,599.0,6.396929655216146,q3,0,0,Amazon,1
405-8803159-2662729,2022-04-30,Shipped,0,0,kurta,JNE,KARNATAKA,BENGALURU,560,291.0,5.676753802268282,q1,1,0,Amazon,1
405-8803159-2662729,2022-04-30,Shipped,0,0,kurta,JNE,KARNATAKA,BENGALURU,560,276.0,5.6240175061873385,q1,1,0,Amazon,1
405-8803159-2662729,2022-04-30,Shipped,0,0,Set,SET,KARNATAKA,BENGALURU,560,626.0,6.440946540632921,q3,1,0,Amazon,1
405-8803159-2662729,2022-04-30,Shipped,0,0,kurta,JNE,KARNATAKA,BENGALURU,560,283.0,5.648974238161206,q1,1,0,Amazon,1
405-3441275-4039543,2022-04-30,Shipped - Delivered to Buyer,0,0,Western Dress,JNE,KARNATAKA,BENGALURU,560,725.0,6.587550014824796,q4,1,0,Merchant,1
405-3441275-4039543,2022-04-30,Shipped - Delivered to Buyer,0,0,kurta,JNE,KARNATAKA,BENGALURU,560,295.0,5.69035945432406,q1,1,0,Merchant,1
406-2890663-9523509,2022-04-30,Shipped,0,0,kurta,JNE,KARNATAKA,BENGALURU,560,518.0,6.251903883165888,q2,1,0,Amazon,1
402-1430516-9436331,2022-04-30,Shipped,0,0,kurta,JNE,UTTAR PRADESH,LUCKNOW,226,399.0,5.991464547107982,q1,0,0,Amazon,1
171-7949350-6828319,2022-04-30,Shipped,0,0,Set,SET,TAMIL NADU,DHARMAPURI,636,852.0,6.748759547491679,q5,1,0,Amazon,1
171-2964083-5815566,2022-04-30,Shipped,0,0,Set,SET,UTTAR PRADESH,MEERUT,250,568.0,6.343880434126331,q3,1,0,Amazon,1
406-9789934-2845967,2022-04-30,Shipped,0,0,Western Dress,JNE,TELANGANA,SECUNDERABAD,500,771.0,6.648984550024776,q4,1,0,Amazon,1
405-9399780-0313164,2022-04-30,Shipped,0,0,Set,J,UTTAR PRADESH,NOIDA,201,1669.0,7.4205789054108005,q5,1,0,Amazon,1
404-9635079-7600310,2022-04-30,Shipped,0,0,Top,J,JHARKHAND,DANGUWAPASI,833,540.0,6.293419278846481,q3,1,0,Amazon,1
171-6983189-6050757,2022-04-30,Shipped,0,0,Set,J,ASSAM,DHEMAJI,786,1112.0,7.014814351275545,q5,1,0,Amazon,1
171-6983189-6050757,2022-04-30,Shipped,0,0,kurta,JNE,ASSAM,DHEMAJI,786,518.0,6.251903883165888,q2,1,0,Amazon,1
171-3884714-3945906,2022-04-30,Shipped,0,0,Set,SET,MAHARASHTRA,PULGAON,442,1115.0,7.017506142941256,q5,1,0,Amazon,1
171-3884714-3945906,2022-04-30,Shipped,0,0,Set,J,MAHARASHTRA,PULGAON,442,1112.0,7.014814351275545,q5,1,0,Amazon,1
171-3884714-3945906,2022-04-30,Shipped,0,0,kurta,JNE,MAHARASHTRA,PULGAON,442,399.0,5.991464547107982,q1,1,0,Amazon,1
405-1693679-3068331,2022-04-30,Shipped,0,0,kurta,JNE,KERALA,AKATHIYOOR,680,476.0,6.1675164908883415,q2,1,0,Amazon,1
402-4804971-8591532,2022-04-30,Shipped - Delivered to Buyer,0,0,kurta,JNE,DELHI,Shakarpur,110,499.0,6.214608098422191,q2,1,0,Merchant,1
402-4804971-8591532,2022-04-30,Shipped - Delivered to Buyer,0,0,Top,JNE,DELHI,Shakarpur,110,518.0,6.251903883165888,q2,1,0,Merchant,1
405-1597244-8205967,2022-04-30,Shipped,0,0,kurta,JNE,DELHI,NEW DELHI,110,486.0,6.18826412308259,q2,1,0,Amazon,1
403-9610979-2949958,2022-04-30,Shipped,0,0,kurta,JNE,WEST BENGAL,KOLKATA,700,399.0,5.991464547107982,q1,1,0,Amazon,1
405-1911317-3604322,2022-04-30,Shipped,0,0,Set,SET,MANIPUR,Imphal east,795,1260.0,7.139660335964919,q5,1,0,Amazon,1
404-7251284-9387528,2022-04-30,Shipped,0,0,Top,J,UTTAR PRADESH,LUCKNOW,226,399.0,5.991464547107982,q1,0,0,Amazon,1
403-4512253-4789948,2022-04-30,Shipped,0,0,Set,SET,ANDHRA PRADESH,CHEBROLU,522,852.0,6.748759547491679,q5,1,0,Amazon,1
408-1348466-1321955,2022-04-30,Cancelled,0,1,kurta,JNE,KARNATAKA,BENGALURU,560,,0.0,,0,0,Merchant,0
171-0490216-5028364,2022-04-30,Shipped,0,0,kurta,JNE,KERALA,Alappuzha,688,487.0,6.1903154058531475,q2,1,0,Amazon,1
406-5421335-3440327,2022-04-30,Cancelled,0,1,Set,J,UTTAR PRADESH,AKBARPUR,224,,0.0,,0,0,Amazon,0
405-6836135-6312327,2022-04-30,Shipped - Delivered to Buyer,0,0,Western Dress,JNE,MAHARASHTRA,NAGPUR,441,413.0,6.025865973825314,q2,1,0,Merchant,1
171-0689935-4850722,2022-04-30,Shipped,0,0,Set,SET,WEST BENGAL,NABAGRAM COLONY,712,788.0,6.670766320845874,q4,1,0,Amazon,1
403-9835374-1565102,2022-04-30,Shipped - Delivered to Buyer,0,0,Set,SET,WEST BENGAL,KOLKATA,700,1186.0,7.079184394609668,q5,1,0,Merchant,1
403-8625708-2309901,2022-04-30,Shipped,0,0,Top,J,WEST BENGAL,KOLKATA,700,396.0,5.983936280687191,q1,0,0,Amazon,1
403-6616419-0658741,2022-04-30,Cancelled,0,1,kurta,PJNE,MAHARASHTRA,THANE,400,659.05,6.492315571232668,q3,0,0,Merchant,0
171-5550949-7914705,2022-04-30,Shipped,0,0,Set,J,KERALA,KOZHIKODE,673,653.0,6.483107351457199,q3,1,0,Amazon,1
408-9407260-0749114,2022-04-30,Shipped,0,0,kurta,JNE,PUDUCHERRY,PUDUCHERRY,605,0.0,0.0,q1,0,0,Amazon,1
408-4453138-1209128,2022-04-30,Shipped,0,0,kurta,JNE,DELHI,NEW DELHI,110,458.0,6.129050210060545,q2,1,0,Amazon,1
402-4934568-7802706,2022-04-30,Shipped,0,0,kurta,JNE,WEST BENGAL,NEW TOWN,700,487.0,6.1903154058531475,q2,0,0,Amazon,1
405-9862364-7636347,2022-04-30,Shipped,0,0,Set,SET,KARNATAKA,NELAMANGALA,562,597.0,6.393590753950631,q3,0,0,Amazon,1
405-7713713-9002732,2022-04-30,Shipped,0,0,Set,J,KARNATAKA,NELAMANGALA,562,761.0,6.635946555686647,q4,1,0,Amazon,1
405-7713713-9002732,2022-04-30,Shipped,0,0,Set,SET,KARNATAKA,NELAMANGALA,562,835.0,6.728628613084702,q4,1,0,Amazon,1
406-8536478-4581952,2022-04-30,Shipped - Returned to Seller,1,0,Top,J,ODISHA,"KOTPAD, Koraput",764,518.0,6.251903883165888,q2,1,0,Merchant,1
407-0533151-5470709,2022-04-30,Cancelled,0,1,kurta,JNE,ODISHA,BHUBANESWAR,751,,0.0,,0,0,Amazon,0
404-6783850-0597940,2022-04-30,Shipped,0,0,Western Dress,JNE,UTTAR PRADESH,LUCKNOW,226,721.0,6.582025138892826,q4,1,0,Amazon,1
407-3030317-4521947,2022-04-30,Shipped,0,0,kurta,JNE,KARNATAKA,BENGALURU,560,458.0,6.129050210060545,q2,1,0,Amazon,1
402-0093786-0156303,2022-04-30,Shipped,0,0,Set,SET,MAHARASHTRA,NASHIK,422,666.0,6.502790045915623,q3,0,0,Amazon,1
171-3705534-0250736,2022-04-30,Shipped,0,0,kurta,JNE,BIHAR,KATIHAR,854,399.0,5.991464547107982,q1,1,0,Amazon,1
408-9408562-5254749,2022-04-30,Shipped - Delivered to Buyer,0,0,Set,J,WEST BENGAL,KOLKATA,700,1099.0,7.003065458786462,q5,1,0,Merchant,1
403-4739886-5496325,2022-04-30,Shipped,0,0,kurta,JNE,KERALA,ALAPPUZHA,688,353.0,5.869296913133774,q1,1,0,Amazon,1
171-9312177-9903551,2022-04-30,Shipped,0,0,kurta,J,MAHARASHTRA,MUMBAI,400,399.0,5.991464547107982,q1,0,0,Amazon,1
171-3255381-0489121,2022-04-30,Shipped - Delivered to Buyer,0,0,kurta,J,MAHARASHTRA,MUMBAI,400,534.0,6.282266746896006,q3,1,0,Merchant,1
408-4584840-2787538,2022-04-30,Cancelled,0,1,Set,J,DELHI,NEW DELHI,110,981.25,6.889845858438569,q5,0,0,Merchant,0
408-5118229-6373917,2022-04-30,Shipped,0,0,kurta,JNE,TELANGANA,Hyderabad,500,0.0,0.0,q1,0,0,Amazon,1
403-0707216-6170737,2022-04-30,Shipped,0,0,Set,SET,UTTAR PRADESH,BAREILLY,243,657.0,6.489204931325317,q3,1,0,Amazon,1
403-3258819-8018763,2022-04-30,Shipped,0,0,Set,SET,DELHI,NEW DELHI,110,626.0,6.440946540632921,q3,1,0,Amazon,1
408-2491878-4865146,2022-04-30,Cancelled,0,1,Set,J,WEST BENGAL,KOLKATA,700,981.25,6.889845858438569,q5,0,0,Merchant,0
405-7190860-0329952,2022-04-30,Shipped,0,0,Western Dress,J,WEST BENGAL,KOLKATA,700,899.0,6.802394763324311,q5,1,0,Amazon,1
402-0164950-5496362,2022-04-30,Cancelled,0,1,Set,SET,TAMIL NADU,CHENNAI,600,,0.0,,0,0,Amazon,0
404-3821323-1636305,2022-04-30,Shipped,0,0,Set,SET,TAMIL NADU,CHENNAI,600,597.0,6.393590753950631,q3,1,0,Amazon,1
408-3649698-8803541,2022-04-30,Shipped,0,0,Set,SET,HARYANA,GURUGRAM,122,1099.0,7.003065458786462,q5,1,0,Amazon,1
405-3694403-2551528,2022-04-30,Shipped,0,0,Set,SET,MAHARASHTRA,TIRORA,441,788.0,6.670766320845874,q4,1,0,Amazon,1
405-6593194-1742748,2022-04-30,Shipped,0,0,kurta,JNE,PUNJAB,ZIRAKPUR,140,459.0,6.131226489483141,q2,0,0,Amazon,1
403-7086967-7558701,2022-04-30,Shipped,0,0,Set,SET,Gujarat,VADODARA,390,1186.0,7.079184394609668,q5,1,0,Amazon,1
171-5927080-9153924,2022-04-30,Cancelled,0,1,Set,SET,TAMIL NADU,Chennai,600,626.0,6.440946540632921,q3,0,0,Amazon,1
406-5651070-7367520,2022-04-30,Cancelled,0,1,Western Dress,J,TELANGANA,HYDERABAD,500,,0.0,,1,0,Amazon,0
405-1952513-5416327,2022-04-30,Cancelled,0,1,kurta,JNE,PUNJAB,ZIRAKPUR,140,,0.0,,0,0,Amazon,0
406-8112035-0609144,2022-04-30,Shipped,0,0,kurta,JNE,RAJASTHAN,AJMER,305,329.0,5.799092654460526,q1,1,0,Amazon,1
407-6114533-2816312,2022-04-30,Shipped - Delivered to Buyer,0,0,kurta,JNE,KARNATAKA,MADIKERI,571,280.0,5.638354669333745,q1,1,1,Merchant,1
407-6002733-2903540,2022-04-30,Shipped,0,0,kurta,JNE,KARNATAKA,MADIKERI,571,249.0,5.521460917862246,q1,1,1,Amazon,1
403-1068845-1092310,2022-04-30,Shipped,0,0,Set,SET,UTTAR PRADESH,GHAZIABAD,201,818.0,6.70808408385307,q4,1,0,Amazon,1
407-3001310-2482707,2022-04-30,Shipped,0,0,kurta,JNE,KERALA,Thrissur,680,429.0,6.063785208687608,q2,1,0,Amazon,1
407-3001310-2482707,2022-04-30,Shipped,0,0,kurta,JNE,KERALA,Thrissur,680,458.0,6.129050210060545,q2,1,0,Amazon,1
402-9024954-3597923,2022-04-30,Cancelled,0,1,Western Dress,JNE,TELANGANA,HYDERABAD,500,,0.0,,0,0,Amazon,0
404-6763777-8680366,2022-04-30,Shipped - Delivered to Buyer,0,0,kurta,MEN,MAHARASHTRA,PUNE,411,475.0,6.16541785423142,q2,1,0,Merchant,1
405-6167247-7769908,2022-04-30,Shipped,0,0,Set,SET,JHARKHAND,RANCHI,834,788.0,6.670766320845874,q4,1,0,Amazon,1
404-3190952-7345128,2022-04-30,Shipped,0,0,Western Dress,J,KARNATAKA,Bengaluru,560,744.0,6.61338421837956,q4,1,0,Amazon,1
407-4179560-9885921,2022-04-30,Shipped,0,0,kurta,JNE,HARYANA,GURUGRAM,122,458.0,6.129050210060545,q2,0,0,Amazon,1
405-4515494-3244302,2022-04-30,Shipped,0,0,kurta,PJNE,TAMIL NADU,CHENNAI,600,505.0,6.226536669287466,q2,0,0,Amazon,1
404-0812833-5129124,2022-04-30,Shipped,0,0,Set,SET,JAMMU & KASHMIR,JAMMU,181,1186.0,7.079184394609668,q5,1,0,Amazon,1
403-9928712-6587519,2022-04-30,Shipped,0,0,Set,SET,RAJASTHAN,Dungarpur,314,597.0,6.393590753950631,q3,1,0,Amazon,1
404-5314568-1043519,2022-04-30,Shipped,0,0,Top,J,HARYANA,PANCHKULA,134,463.0,6.139884552226255,q2,1,0,Amazon,1
402-8207665-7247536,2022-04-30,Shipped,0,0,kurta,JNE,TELANGANA,HYDERABAD,500,471.0,6.156978985585555,q2,0,0,Amazon,1
403-3814019-1141952,2022-04-30,Shipped,0,0,Set,SET,Gujarat,DHOLKA,382,626.0,6.440946540632921,q3,1,0,Amazon,1
403-5049239-4135545,2022-04-30,Shipped,0,0,kurta,JNE,JHARKHAND,DALTONGANJ,822,399.0,5.991464547107982,q1,1,0,Amazon,1
405-6344744-8777959,2022-04-30,Shipped,0,0,Set,SET,KARNATAKA,BENGALURU,560,788.0,6.670766320845874,q4,1,0,Amazon,1
405-0654626-6276321,2022-04-30,Shipped,0,0,Top,JNE,PUNJAB,BATHINDA,151,751.0,6.62273632394984,q4,1,0,Amazon,1
403-9647049-8100304,2022-04-30,Cancelled,0,1,kurta,JNE,UTTAR PRADESH,LUCKNOW,226,368.0,5.910796644040527,q1,0,0,Amazon,1
407-3546546-1957155,2022-04-30,Shipped,0,0,Western Dress,J,TELANGANA,HYDERABAD,501,744.0,6.61338421837956,q4,1,0,Amazon,1
404-4807357-2693108,2022-04-30,Shipped,0,0,kurta,JNE,MAHARASHTRA,Nagpur,440,399.0,5.991464547107982,q1,1,0,Amazon,1
404-4911741-3341902,2022-04-30,Shipped,0,0,kurta,MEN,TAMIL NADU,CHENNAI,600,475.0,6.16541785423142,q2,1,0,Amazon,1
404-1580706-8406729,2022-04-30,Shipped,0,0,kurta,MEN,TAMIL NADU,CHENNAI,600,475.0,6.16541785423142,q2,0,0,Amazon,1
404-6525036-6681154,2022-04-30,Shipped,0,0,kurta,JNE,JHARKHAND,RANCHI,834,521.0,6.257667587882639,q2,1,0,Amazon,1
408-6862949-2369917,2022-04-30,Shipped,0,0,Western Dress,JNE,BIHAR,PATNA,800,721.0,6.582025138892826,q4,1,0,Amazon,1
403-4522038-5418732,2022-04-30,Shipped,0,0,Set,SET,KARNATAKA,MANGALURU,575,788.0,6.670766320845874,q4,1,0,Amazon,1
405-9510649-7934734,2022-04-30,Shipped,0,0,kurta,JNE,KARNATAKA,"KAMATGI,Hunugund taluk,Bagalkot district",587,486.0,6.18826412308259,q2,1,0,Amazon,1
408-2170248-9556321,2022-04-30,Shipped,0,0,Set,SET,ASSAM,GUWAHATI,781,597.0,6.393590753950631,q3,1,0,Amazon,1
171-1747399-1165911,2022-04-30,Shipped,0,0,Western Dress,J,ASSAM,GUWAHATI,781,744.0,6.61338421837956,q4,1,0,Amazon,1
408-1752203-1767518,2022-04-30,Shipped,0,0,Set,SET,KARNATAKA,BENGALURU,560,939.0,6.84587987526405,q5,1,0,Amazon,1
402-6953218-8797919,2022-04-30,Shipped,0,0,kurta,JNE,JHARKHAND,RANCHI,834,517.0,6.249975242259483,q2,1,0,Amazon,1
407-3644990-7729144,2022-04-30,Shipped - Delivered to Buyer,0,0,Western Dress,J,TAMIL NADU,CHENNAI,600,744.0,6.61338421837956,q4,1,0,Merchant,1
406-9906656-5128304,2022-04-30,Cancelled,0,1,kurta,J,UTTAR PRADESH,KANPURKanpur,208,,0.0,,0,0,Amazon,0
171-8345794-3569957,2022-04-30,Shipped,0,0,kurta,MEN,ODISHA,BHUBANESWAR,751,533.0,6.280395838960195,q2,1,0,Amazon,1
403-9545828-0603523,2022-04-30,Shipped,0,0,Set,SET,DELHI,NEW DELHI,110,563.0,6.335054251498059,q3,1,0,Amazon,1
408-8140052-8753913,2022-04-30,Shipped,0,0,kurta,MEN,KARNATAKA,Bengaluru,560,549.0,6.309918278226516,q3,1,0,Amazon,1
406-7221225-8921144,2022-04-30,Shipped - Delivered to Buyer,0,0,Set,SET,MAHARASHTRA,NAGPUR,440,626.0,6.440946540632921,q3,1,0,Merchant,1
406-4803324-2221109,2022-04-30,Shipped,0,0,Set,SET,MAHARASHTRA,ARNI,445,1099.0,7.003065458786462,q5,1,0,Amazon,1
407-5470882-4765942,2022-04-30,Cancelled,0,1,Western Dress,J,TAMIL NADU,CHENNAI,600,,0.0,,0,0,Merchant,0
403-0373263-7181928,2022-04-30,Shipped,0,0,Set,SET,TELANGANA,HYDERABAD,500,696.0,6.546785410760524,q4,1,0,Amazon,1
405-3139781-4240349,2022-04-30,Shipped,0,0,Set,SET,Gujarat,MORBI,363,1432.0,7.267525427828172,q5,1,0,Amazon,1
404-4771108-9660348,2022-04-30,Shipped,0,0,kurta,JNE,TAMIL NADU,CHENNAI,600,432.0,6.07073772800249,q2,0,0,Amazon,1
407-4616863-5212363,2022-04-30,Shipped,0,0,Set,SET,ASSAM,Jorhat,785,1338.0,7.199678345691172,q5,1,0,Amazon,1
405-5863149-6577918,2022-04-30,Shipped,0,0,Set,SET,KARNATAKA,Bantwal,574,597.0,6.393590753950631,q3,1,0,Amazon,1
405-5863149-6577918,2022-04-30,Shipped,0,0,Set,SET,KARNATAKA,Bantwal,574,888.0,6.790097235513905,q5,1,0,Amazon,1
406-7524766-1454768,2022-04-30,Shipped,0,0,Set,SET,TELANGANA,SECUNDERABAD,500,1033.0,6.9411900550683745,q5,1,0,Amazon,1
408-6818789-4965132,2022-04-30,Shipped,0,0,kurta,JNE,ASSAM,GUWAHATI,781,376.0,5.932245187448011,q1,0,0,Amazon,1
402-1038454-4297969,2022-04-30,Shipped,0,0,Western Dress,J,UTTAR PRADESH,NOIDA,201,885.0,6.786716950605081,q5,0,0,Amazon,1
408-8100357-3585904,2022-04-30,Shipped,0,0,kurta,JNE,ODISHA,GANJAM,761,635.0,6.455198563340122,q3,1,0,Amazon,1
402-4372312-4448367,2022-04-30,Cancelled,0,1,Set,SET,MADHYA PRADESH,DEWAS,455,597.0,6.393590753950631,q3,0,0,Amazon,1
406-3745473-8633147,2022-04-30,Shipped,0,0,kurta,PJNE,MAHARASHTRA,PUNE,411,563.0,6.335054251498059,q3,0,0,Amazon,1
403-1140011-7398736,2022-04-30,Shipped,0,0,kurta,MEN,BIHAR,PATNA,800,499.0,6.214608098422191,q2,1,0,Amazon,1
403-1140011-7398736,2022-04-30,Shipped,0,0,kurta,MEN,BIHAR,PATNA,800,549.0,6.309918278226516,q3,1,0,Amazon,1
403-1140011-7398736,2022-04-30,Shipped,0,0,kurta,MEN,BIHAR,PATNA,800,549.0,6.309918278226516,q3,1,0,Amazon,1
403-1140011-7398736,2022-04-30,Shipped,0,0,kurta,MEN,BIHAR,PATNA,800,452.0,6.115892125483034,q2,1,0,Amazon,1
171-2789156-5817163,2022-04-30,Shipped - Delivered to Buyer,0,0,kurta,MEN,RAJASTHAN,NAGAUR,342,449.0,6.1092475827643655,q2,1,0,Merchant,1
404-9605291-9790766,2022-04-30,Shipped,0,0,kurta,JNE,UTTAR PRADESH,KANPUR,209,685.0,6.530877627725885,q3,1,0,Amazon,1
408-9259634-7565152,2022-04-30,Shipped - Delivered to Buyer,0,0,Top,JNE,KERALA,NEYYATTINKARA,695,391.0,5.971261839790462,q1,1,0,Merchant,1
171-2120512-6643534,2022-04-30,Shipped - Delivered to Buyer,0,0,kurta,JNE,ANDHRA PRADESH,CHITTOOR,517,399.0,5.991464547107982,q1,1,0,Merchant,1
408-7767023-9733103,2022-04-30,Shipped,0,0,Set,SET,KARNATAKA,BENGALURU,560,597.0,6.393590753950631,q3,1,0,Amazon,1
402-6159360-3192305,2022-04-30,Shipped - Delivered to Buyer,0,0,kurta,JNE,TAMIL NADU,COIMBATORE,641,249.0,5.521460917862246,q1,1,0,Merchant,1
406-4919920-0965963,2022-04-30,Shipped - Delivered to Buyer,0,0,Set,SET,MAHARASHTRA,MUMBAI,400,1099.0,7.003065458786462,q5,1,0,Merchant,1
402-5821417-6985934,2022-04-30,Shipped,0,0,Set,J,WEST BENGAL,SILIGURI,734,1099.0,7.003065458786462,q5,1,0,Amazon,1
406-7489606-3781934,2022-04-30,Shipped,0,0,kurta,JNE,KARNATAKA,KUSHALANAGARA,571,499.0,6.214608098422191,q2,1,0,Amazon,1
408-4543593-8672326,2022-04-30,Shipped,0,0,Western Dress,J,WEST BENGAL,kolkata,700,744.0,6.61338421837956,q4,1,0,Amazon,1
404-3628070-0647500,2022-04-30,Cancelled,0,1,kurta,JNE,TAMIL NADU,Chennai,603,399.05,5.9915895087823685,q1,0,0,Merchant,0
404-3628070-0647500,2022-04-30,Cancelled,0,1,kurta,JNE,TAMIL NADU,Chennai,603,463.81,6.141628714683732,q2,0,0,Merchant,0
404-0691443-7069131,2022-04-30,Shipped,0,0,kurta,JNE,TAMIL NADU,Chennai,603,432.0,6.07073772800249,q2,0,0,Amazon,1
403-0467296-2575536,2022-04-30,Shipped,0,0,Top,J,WEST BENGAL,SIMLAPAL,722,463.0,6.139884552226255,q2,0,0,Amazon,1
408-3531277-4885962,2022-04-30,Cancelled,0,1,Top,JNE,KERALA,NEYYATTINKARA,695,,0.0,,0,0,Amazon,0
408-6069754-7397924,2022-04-30,Shipped,0,0,kurta,JNE,BIHAR,NARKATIAGANJ,845,0.0,0.0,q1,0,0,Amazon,1
408-0391714-9281921,2022-04-30,Cancelled,0,1,Western Dress,J,MAHARASHTRA,NASHIK,422,,0.0,,0,0,Merchant,0
408-3692922-9946738,2022-04-30,Shipped,0,0,Western Dress,J,MAHARASHTRA,"Wagholi, PUNE",412,665.0,6.501289670540389,q3,0,0,Amazon,1
171-7935921-7575568,2022-04-30,Shipped,0,0,Set,SET,NAGALAND,KOHIMA,797,563.0,6.335054251498059,q3,1,0,Amazon,1
408-2026538-7845958,2022-04-30,Shipped,0,0,kurta,JNE,PUNJAB,JALANDHAR,144,399.0,5.991464547107982,q1,1,0,Amazon,1
403-2026715-3949910,2022-04-30,Shipped,0,0,Set,SET,UTTAR PRADESH,Ghaziabad,201,968.0,6.876264611890766,q5,1,0,Amazon,1
404-4599488-8213952,2022-04-30,Shipped - Delivered to Buyer,0,0,kurta,JNE,KARNATAKA,BENGALURU,560,474.0,6.163314804034641,q2,1,0,Merchant,1
S02-5278980-4327051,2022-04-30,Shipped,0,0,Blouse,BL,Gujarat,Surat,394,,0.0,,0,0,Amazon,15
171-5599779-6322751,2022-04-30,Cancelled,0,1,kurta,PJNE,MAHARASHTRA,PUNE,411,659.05,6.492315571232668,q3,0,0,Merchant,0
171-2550230-3805124,2022-04-30,Shipped - Delivered to Buyer,0,0,Top,J,MAHARASHTRA,THANE (W),400,413.0,6.025865973825314,q2,1,0,Merchant,1
402-5852450-2129941,2022-04-30,Shipped - Delivered to Buyer,0,0,kurta,JNE,TAMIL NADU,CHENNAI,600,495.0,6.206575926724928,q2,1,0,Merchant,1
405-3054995-4312360,2022-04-30,Shipped - Delivered to Buyer,0,0,kurta,JNE,KARNATAKA,MYSURU,570,459.0,6.131226489483141,q2,1,0,Merchant,1
407-2538775-7502719,2022-04-30,Shipped,0,0,kurta,PJNE,MAHARASHTRA,PUNE,411,486.0,6.18826412308259,q2,0,0,Amazon,1
406-1981446-7471514,2022-04-30,Shipped - Delivered to Buyer,0,0,Set,SET,DELHI,NEW DELHI,110,1238.0,7.122059881629142,q5,1,0,Merchant,1
408-4235910-6012362,2022-04-30,Shipped,0,0,Set,J,GOA,PORVORIM,403,801.0,6.687108607866515,q4,1,0,Amazon,1
171-9839922-3832357,2022-04-30,Shipped,0,0,kurta,PJNE,MAHARASHTRA,PUNE,411,527.0,6.269096283706261,q2,0,0,Amazon,1
405-9808686-6294763,2022-04-30,Shipped,0,0,Top,J,Gujarat,AHMEDABAD,380,493.0,6.202535517187923,q2,1,0,Amazon,1
408-8489677-5577933,2022-04-30,Shipped - Delivered to Buyer,0,0,kurta,MEN,UTTAR PRADESH,NOIDA,201,0.0,0.0,q1,1,0,Merchant,1
402-5550488-9916304,2022-04-30,Cancelled,0,1,kurta,JNE,TELANGANA,Hyderabad,500,280.95,5.641729793548212,q1,0,0,Merchant,0
408-6369127-2887567,2022-04-30,Shipped,0,0,Set,SET,MAHARASHTRA,Vasai,401,788.0,6.670766320845874,q4,1,0,Amazon,1
171-0113406-2293163,2022-04-30,Cancelled,0,1,Set,SET,UTTAR PRADESH,GHAZIABAD,201,626.0,6.440946540632921,q3,0,0,Amazon,1
403-8565647-0953102,2022-04-30,Shipped,0,0,kurta,JNE,ASSAM,GUWAHATI,781,376.0,5.932245187448011,q1,0,0,Amazon,1
406-9957971-2569147,2022-04-30,Shipped,0,0,kurta,JNE,MAHARASHTRA,SANGLI,416,471.0,6.156978985585555,q2,1,0,Amazon,1
406-1092108-2639512,2022-04-30,Shipped,0,0,kurta,J,Gujarat,VADODARA,390,399.0,5.991464547107982,q1,0,0,Amazon,1
402-3270101-7657904,2022-04-30,Cancelled,0,1,kurta,MEN,TAMIL NADU,COIMBATORE,641,452.38,6.11673063671018,q2,0,0,Merchant,0
402-7078622-5609155,2022-04-30,Shipped - Delivered to Buyer,0,0,Set,J,KERALA,KOTTAYAM,686,1432.0,7.267525427828172,q5,1,0,Merchant,1
171-7678731-3568339,2022-04-30,Cancelled,0,1,Set,SET,KARNATAKA,BENGALURU,560,,0.0,,0,0,Amazon,0
408-7206307-2384358,2022-04-30,Shipped - Delivered to Buyer,0,0,Western Dress,JNE,KERALA,DHARMADOM,670,725.0,6.587550014824796,q4,1,0,Merchant,1
407-5830946-0458753,2022-04-30,Shipped,0,0,kurta,JNE,MAHARASHTRA,MUMBAI,400,499.0,6.214608098422191,q2,0,0,Amazon,1
171-3016563-0593956,2022-04-30,Shipped,0,0,kurta,JNE,DELHI,NEW DELHI,110,471.0,6.156978985585555,q2,0,0,Amazon,1
404-3252605-4011545,2022-04-30,Cancelled,0,1,kurta,JNE,MAHARASHTRA,VASAI VIRAR,401,,0.0,,0,0,Amazon,0
171-1148440-5117161,2022-04-30,Cancelled,0,1,Set,NW,MAHARASHTRA,PUNE,411,449.0,6.1092475827643655,q2,0,0,Amazon,1
171-7636697-5689908,2022-04-30,Shipped,0,0,Set,SET,MADHYA PRADESH,GWALIOR,474,684.0,6.529418838262226,q3,1,0,Amazon,1
408-1336273-5938748,2022-04-30,Shipped,0,0,Top,J,PUNJAB,LUDHIANA,141,545.0,6.302618975744905,q3,1,0,Amazon,1
406-3815399-6450709,2022-04-30,Shipped,0,0,Top,J,RAJASTHAN,NATHDWARA,313,545.0,6.302618975744905,q3,1,0,Amazon,1
171-9638653-2292340,2022-04-30,Shipped,0,0,Blouse,BL,UTTAR PRADESH,Varanasi,221,419.0,6.040254711277414,q2,1,0,Amazon,1
403-7879236-4794741,2022-04-30,Cancelled,0,1,kurta,JNE,ASSAM,GUWAHATI,781,,0.0,,0,0,Amazon,0
406-4110471-9710751,2022-04-30,Shipped,0,0,Set,SET,KARNATAKA,ULLAL,575,696.0,6.546785410760524,q4,0,0,Amazon,1
408-5598612-8613920,2022-04-30,Cancelled,0,1,Top,J,PUNJAB,LUDHIANA,141,,0.0,,0,0,Amazon,0
404-3475672-0623516,2022-04-30,Cancelled,0,1,Set,SET,UTTARAKHAND,Haldwani,263,,0.0,,0,0,Amazon,0
403-0708193-0609948,2022-04-30,Shipped,0,0,kurta,JNE,MAHARASHTRA,NANDED WAGHALA,431,399.0,5.991464547107982,q1,1,0,Amazon,1
402-6638943-7023558,2022-04-30,Shipped - Returned to Seller,1,0,Set,NW,DELHI,NEW DELHI,110,613.0,6.419994928147142,q3,1,0,Merchant,1
405-1047044-2461167,2022-04-30,Shipped,0,0,Set,J,KARNATAKA,BENGALURU,560,654.0,6.484635235635252,q3,1,0,Amazon,1
403-4121872-9661935,2022-04-30,Shipped,0,0,Top,JNE,DELHI,NEW DELHI,110,487.0,6.1903154058531475,q2,1,0,Amazon,1
407-0341499-2477170,2022-04-30,Shipped,0,0,Western Dress,J,TELANGANA,Sangareddy District,502,744.0,6.61338421837956,q4,1,0,Amazon,1
402-7081372-1053905,2022-04-30,Shipped - Delivered to Buyer,0,0,kurta,MEN,MAHARASHTRA,NAGPUR,440,499.0,6.214608098422191,q2,1,0,Merchant,1
402-7081372-1053905,2022-04-30,Shipped - Delivered to Buyer,0,0,kurta,MEN,MAHARASHTRA,NAGPUR,440,499.0,6.214608098422191,q2,1,0,Merchant,1
403-8349155-2308363,2022-04-30,Shipped,0,0,kurta,JNE,TELANGANA,HYDERABAD,500,406.0,6.008813185442595,q1,1,0,Amazon,1
403-8349155-2308363,2022-04-30,Shipped,0,0,Set,SET,TELANGANA,HYDERABAD,500,737.0,6.6039438246004725,q4,1,0,Amazon,1
403-3794902-2627533,2022-04-30,Shipped,0,0,Set,SET,TELANGANA,HYDERABAD,500,648.0,6.47543271670409,q3,0,0,Amazon,1
403-8342497-0727510,2022-04-30,Shipped - Delivered to Buyer,0,0,Ethnic Dress,J,TELANGANA,HYDERABAD,500,783.0,6.664409020350408,q4,1,0,Merchant,1
403-5686295-0611519,2022-04-30,Shipped,0,0,Western Dress,J,TELANGANA,HYDERABAD,500,744.0,6.61338421837956,q4,1,0,Amazon,1
404-9773937-7060345,2022-04-30,Shipped,0,0,Western Dress,J,TAMIL NADU,Madurai,625,744.0,6.61338421837956,q4,1,0,Amazon,1
407-3205298-5473103,2022-04-30,Shipped - Delivered to Buyer,0,0,Set,J,TAMIL NADU,COIMBATORE,641,653.0,6.483107351457199,q3,1,0,Merchant,1
403-3741687-4048344,2022-04-30,Shipped,0,0,Set,SET,MAHARASHTRA,thane,400,788.0,6.670766320845874,q4,1,0,Amazon,1
406-4889947-7806746,2022-04-30,Shipped,0,0,Set,SET,TELANGANA,Hyderabad,500,1221.0,7.108244139731541,q5,1,0,Amazon,1
408-2548158-8811519,2022-04-30,Shipped - Delivered to Buyer,0,0,Set,SET,KARNATAKA,BELAGAVI,590,0.0,0.0,q1,1,0,Merchant,1
402-4612397-6796307,2022-04-30,Shipped,0,0,Set,J,HARYANA,GURUGRAM,122,1112.0,7.014814351275545,q5,1,0,Amazon,1
402-2375582-5673132,2022-04-30,Shipped - Delivered to Buyer,0,0,Set,SET,HARYANA,GURUGRAM,122,1186.0,7.079184394609668,q5,1,0,Merchant,1
402-7355260-1275513,2022-04-30,Shipped - Delivered to Buyer,0,0,kurta,JNE,TELANGANA,HYDERABAD,500,362.0,5.8944028342648505,q1,1,0,Merchant,1
171-6613108-2363511,2022-04-30,Shipped,0,0,kurta,JNE,TAMIL NADU,CHENNAI,600,432.0,6.07073772800249,q2,0,0,Amazon,1
406-5961574-4441901,2022-04-30,Shipped,0,0,Set,SET,TELANGANA,HYDERABAD,502,597.0,6.393590753950631,q3,1,0,Amazon,1
404-9326488-7546742,2022-04-30,Shipped,0,0,Set,J,BIHAR,PATNA,800,654.0,6.484635235635252,q3,1,0,Amazon,1
403-1691463-7067522,2022-04-30,Shipped,0,0,Top,JNE,MAHARASHTRA,MUMBAI,400,518.0,6.251903883165888,q2,1,0,Amazon,1
171-1293566-4097166,2022-04-30,Shipped,0,0,Set,SET,TAMIL NADU,Kanniyakumari,629,626.0,6.440946540632921,q3,1,0,Amazon,1
404-6513417-3841113,2022-04-30,Shipped,0,0,Set,J,TELANGANA,HYDERABAD,500,761.0,6.635946555686647,q4,1,0,Amazon,1
408-7484954-7860326,2022-04-30,Shipped,0,0,Set,J,TELANGANA,hyderabad,500,1186.0,7.079184394609668,q5,0,0,Amazon,1
408-0027611-3047556,2022-04-30,Shipped - Delivered to Buyer,0,0,Set,J,TELANGANA,hyderabad,500,1186.0,7.079184394609668,q5,1,0,Merchant,1
408-0027611-3047556,2022-04-30,Shipped - Delivered to Buyer,0,0,Set,J,TELANGANA,hyderabad,500,1213.0,7.101675971619444,q5,1,0,Merchant,1
408-0027611-3047556,2022-04-30,Shipped - Delivered to Buyer,0,0,Set,J,TELANGANA,hyderabad,500,922.0,6.827629234502852,q5,1,0,Merchant,1
